표준코드,단축코드,한글 종목명,한글 종목약명
KR7098120009,98120,(주)마이크로컨텍솔루션,마이크로컨텍솔
KR7131100000,131100,(주)스카이이앤엠,스카이이앤엠
KR7009520008,9520,(주)포스코엠텍,포스코엠텍
KR7095570008,95570,AJ네트웍스보통주,AJ네트웍스
KR7006840003,6840,AK홀딩스보통주,AK홀딩스
KR7282330000,282330,BGF리테일보통주,BGF리테일
KR7027410000,27410,BGF보통주,BGF
KR7138930003,138930,BNK금융지주보통주,BNK금융지주
KR7001461003,1465,BYC1우선주,BYC우
KR7001460005,1460,BYC보통주,BYC
KR7001041003,1045,CJ1우선주,CJ우
KR700104K010,00104K,CJ4우선주(전환),CJ4우(전환)
KR7001040005,1040,CJ보통주,CJ
KR7011151008,11155,CJ씨푸드1우선주,CJ씨푸드1우
KR7011150000,11150,CJ씨푸드보통주,CJ씨푸드
KR7058820002,58820,CMG제약,CMG제약
KR7000590000,590,CS홀딩스보통주,CS홀딩스
KR7012030003,12030,DB Inc.보통주,DB
KR7016610008,16610,DB금융투자보통주,DB금융투자
KR7005830005,5830,DB손해보험보통주,DB손해보험
KR7000991000,995,DB하이텍1우선주,DB하이텍1우
KR7000990002,990,DB하이텍보통주,DB하이텍
KR7139130009,139130,DGB금융지주보통주,DGB금융지주
KR7001530005,1530,DI동일보통주,DI동일
KR7000211003,215,DL1우선주,DL우
KR7001880004,1880,DL건설보통주,DL건설
KR7000210005,210,DL보통주,DL
KR737550K011,37550K,DL이앤씨1우선주,DL이앤씨우
KR7375500006,375500,DL이앤씨보통주,DL이앤씨
KR7155660004,155660,DSR보통주,DSR
KR7069730000,69730,DSR제강보통주,DSR제강
KR7017940008,17940,E1보통주,E1
KR7365550003,365550,ESR켄달스퀘어리츠보통주,ESR켄달스퀘어리츠
KR7050120005,50120,ES큐브,ES큐브
KR7383220001,383220,F&F보통주,F&F
KR7007700008,7700,F&F홀딩스,F&F홀딩스
KR7078931003,78935,GS1우선주,GS우
KR7006360002,6360,GS건설보통주,GS건설
KR7078930005,78930,GS보통주,GS
KR7012630000,12630,HDC보통주,HDC
KR7294870001,294870,HDC현대산업개발보통주,HDC현대산업개발
KR7097230007,97230,HJ중공업보통주,HJ중공업
KR7003560000,3560,IHQ보통주,IHQ
KR7175330000,175330,JB금융지주보통주,JB금융지주
KR7234080000,234080,JW생명과학보통주,JW생명과학
KR7001061001,1065,JW중외제약1우선주,JW중외제약우
KR7001062009,1067,JW중외제약2우선주(신형),JW중외제약2우B
KR7001060003,1060,JW중외제약보통주,JW중외제약
KR7096760004,96760,JW홀딩스 보통주,JW홀딩스
KR7105560007,105560,KB금융지주 보통주,KB금융
KR7024120008,24120,KB오토시스,KB오토시스
KR7009070004,9070,KCTC 보통주,KCTC
KR7044180008,44180,KD,KD
KR7016381006,16385,KG동부제철1우선주,KG동부제철우
KR7016380008,16380,KG동부제철보통주,KG동부제철
KR7001390004,1390,KG케미칼보통주,KG케미칼
KR7033180001,33180,KH 필룩스보통주,KH 필룩스
KR7001940006,1940,KISCO홀딩스보통주,KISCO홀딩스
KR7025000001,25000,KPX케미칼보통주,KPX케미칼
KR7092230002,92230,KPX홀딩스보통주,KPX홀딩스
KR7000040006,40,KR모터스보통주,KR모터스
KR7093050003,93050,LF보통주,LF
KR7003551009,3555,LG1우선주,LG우
KR7034220004,34220,LG디스플레이보통주,LG디스플레이
KR7003550001,3550,LG보통주,LG
KR7051901007,51905,LG생활건강1우선주,LG생활건강우
KR7051900009,51900,LG생활건강보통주,LG생활건강
KR7373220003,373220,LG에너지솔루션보통주,LG에너지솔루션
KR7032640005,32640,LG유플러스보통주,LG유플러스
KR7011070000,11070,LG이노텍보통주,LG이노텍
KR7066571001,66575,LG전자1우선주,LG전자우
KR7066570003,66570,LG전자보통주,LG전자
KR7051911006,51915,LG화학1우선주,LG화학우
KR7051910008,51910,LG화학보통주,LG화학
KR7079550000,79550,LIG넥스원보통주,LIG넥스원
KR7010120004,10120,LS ELECTRIC보통주,LS ELECTRIC
KR7000680009,680,LS네트웍스보통주,LS네트웍스
KR7006260004,6260,LS보통주,LS
KR7001120005,1120,LX인터내셔널보통주,LX인터내셔널
KR7023150006,23150,MH에탄올보통주,MH에탄올
KR7035420009,35420,NAVER보통주,NAVER
KR7181710005,181710,NHN보통주,NHN
KR7338100001,338100,NH프라임리츠보통주,NH프라임리츠
KR7034310003,34310,NICE보통주,NICE
KR7008260002,8260,NI스틸보통주,NI스틸
KR7004251005,4255,NPC1우선주,NPC우
KR7004250007,4250,NPC보통주,NPC
KR7010060002,10060,OCI보통주,OCI
KR7010951002,10955,S-Oil1우선주,S-Oil우
KR7010950004,10950,S-Oil보통주,S-Oil
KR8392070007,950110,SBI핀테크솔루션즈,SBI핀테크솔루션즈
KR7005090006,5090,SGC에너지보통주,SGC에너지
KR7001380005,1380,SG글로벌보통주,SG글로벌
KR7001770007,1770,SHD보통주,SHD
KR7002360006,2360,SH에너지화학보통주,SH에너지화학
KR7009160003,9160,SIMPAC보통주,SIMPAC
KR7123700007,123700,SJM보통주,SJM
KR7025530007,25530,SJM홀딩스보통주,SJM홀딩스
KR703473K016,03473K,SK1우선주,SK우
KR7011790003,11790,SKC보통주,SKC
KR7018670000,18670,SK가스보통주,SK가스
KR7001741008,1745,SK네트웍스1우선주,SK네트웍스우
KR7001740000,1740,SK네트웍스보통주,SK네트웍스
KR7210980009,210980,SK디앤디보통주,SK디앤디
KR7395400005,395400,SK리츠보통주,SK리츠
KR7034730002,34730,SK보통주,SK
KR7402340004,402340,SK스퀘어보통주,SK스퀘어
KR7361610009,361610,SK아이이테크놀로지보통주,SK아이이테크놀로지
KR7096771001,96775,SK이노베이션 1우선주,SK이노베이션우
KR7096770003,96770,SK이노베이션 보통주,SK이노베이션
KR7001511005,1515,SK증권1우선주,SK증권우
KR7001510007,1510,SK증권보통주,SK증권
KR728513K010,28513K,SK케미칼1우선주,SK케미칼우
KR7285130001,285130,SK케미칼보통주,SK케미칼
KR7017670001,17670,SK텔레콤보통주,SK텔레콤
KR7064960008,64960,SNT모티브보통주,SNT모티브
KR7100840008,100840,SNT에너지보통주,SNT에너지
KR7003570009,3570,SNT중공업보통주,SNT중공업
KR7036530004,36530,SNT홀딩스보통주,SNT홀딩스
KR7005610001,5610,SPC삼립보통주,SPC삼립
KR7011810009,11810,STX보통주,STX
KR7077970002,77970,STX엔진보통주,STX엔진
KR7071970008,71970,STX중공업보통주,STX중공업
KR7084870005,84870,TBH글로벌보통주,TBH글로벌
KR7002710002,2710,TCC스틸보통주,TCC스틸
KR7024070005,24070,WISCOM보통주,WISCOM
KR7079940003,79940,가비아,가비아
KR7078890001,78890,가온미디어,가온미디어
KR7000500009,500,가온전선보통주,가온전선
KR7036620003,36620,감성코퍼레이션,감성코퍼레이션
KR7000860007,860,강남제비스코보통주,강남제비스코
KR7217730001,217730,강스템바이오텍,강스템바이오텍
KR7035250000,35250,강원랜드보통주,강원랜드
KR7114190002,114190,강원에너지,강원에너지
KR7094480001,94480,갤럭시아머니트리,갤럭시아머니트리
KR7011420007,11420,갤럭시아에스엠보통주,갤럭시아에스엠
KR7039240007,39240,경남스틸,경남스틸
KR7053950002,53950,경남제약,경남제약
KR7002100006,2100,경농보통주,경농
KR7009450008,9450,경동나비엔보통주,경동나비엔
KR7267290005,267290,경동도시가스보통주,경동도시가스
KR7012320008,12320,경동인베스트보통주,경동인베스트
KR7011040003,11040,경동제약,경동제약
KR7000050005,50,경방보통주,경방
KR7214390007,214390,경보제약보통주,경보제약
KR7012610002,12610,경인양행보통주,경인양행
KR7009140005,9140,경인전자보통주,경인전자
KR7024910002,24910,경창산업,경창산업
KR7013580006,13580,계룡건설산업보통주,계룡건설
KR7012201000,12205,계양전기1우선주,계양전기우
KR7012200002,12200,계양전기보통주,계양전기
KR7002140002,2140,고려산업보통주,고려산업
KR7198440000,198440,고려시멘트,고려시멘트
KR7049720006,49720,고려신용정보,고려신용정보
KR7010130003,10130,고려아연보통주,고려아연
KR7002240000,2240,고려제강보통주,고려제강
KR7014570006,14570,고려제약,고려제약
KR7348150004,348150,고바이오랩,고바이오랩
KR7098460009,98460,고영테크놀러지,고영
KR7035290006,35290,골드앤에스,골드앤에스
KR7038530002,38530,골드퍼시픽,골드퍼시픽
KR7215000001,215000,골프존,골프존
KR7121440002,121440,골프존뉴딘홀딩스,골프존뉴딘홀딩스
KR7183410000,183410,골프존데카,골프존데카
KR7076340009,76340,관악산업,관악산업
KR7009290008,9290,광동제약보통주,광동제약
KR7014200000,14200,광림,광림
KR7017040007,17040,광명전기보통주,광명전기
KR7017900002,17900,광전자보통주,광전자
KR7037710001,37710,광주신세계보통주,광주신세계
KR7026910000,26910,광진실업,광진실업
KR7355150004,355150,교보10호기업인수목적,교보10호스팩
KR7397880006,397880,교보11호기업인수목적,교보11호스팩
KR7331520007,331520,교보9호기업인수목적,교보9호스팩
KR7030610000,30610,교보증권보통주,교보증권
KR7339770000,339770,교촌에프앤비보통주,교촌에프앤비
KR7053270005,53270,구영테크,구영테크
KR7007690001,7690,국도화학보통주,국도화학
KR7005320007,5320,국동보통주,국동
KR7066620006,66620,국보디자인,국보디자인
KR7001140003,1140,국보보통주,국보
KR7043650001,43650,국순당,국순당
KR7006050009,6050,국영지앤엠,국영지앤엠
KR7060480001,60480,국일신동,국일신동
KR7078130002,78130,국일제지,국일제지
KR7307750000,307750,국전약품,국전약품
KR7002720001,2720,국제약품보통주,국제약품
KR7243870003,243870,굿센,굿센
KR7114090004,114090,그랜드코리아레저보통주,GKL
HK0000307485,900290,그레이트리치과기유한공사,GRT
KR7204020002,204020,그리티,그리티
KR7083420000,83420,그린케미칼보통주,그린케미칼
KR7186230009,186230,그린플러스,그린플러스
KR7014530000,14530,극동유화보통주,극동유화
KR7083450007,83450,글로벌스탠다드테크놀로지,GST
KYG3931T1076,900070,글로벌에스엠테크리미티드,글로벌에스엠
KR7204620009,204620,글로벌텍스프리,글로벌텍스프리
KR7019660000,19660,글로본,글로본
KR7014281000,14285,금강공업1우선주,금강공업우
KR7014280002,14280,금강공업보통주,금강공업
KR7053260006,53260,금강철강,금강철강
KR7008870008,8870,금비보통주,금비
KR7001570001,1570,금양보통주,금양
KR7002991008,2995,금호건설1우선주,금호건설우
KR7002990000,2990,금호건설보통주,금호건설
KR7011781002,11785,금호석유화학1우선주,금호석유우
KR7011780004,11780,금호석유화학보통주,금호석유
KR7214330003,214330,금호에이치티보통주,금호에이치티
KR7001210004,1210,금호전기보통주,금호전기
KR7073240004,73240,금호타이어보통주,금호타이어
KR7036190007,36190,금화피에스시,금화피에스시
KR7049080005,49080,기가레인,기가레인
KR7035460005,35460,기산텔레콤,기산텔레콤
KR7092440007,92440,기신정기 보통주,기신정기
KR7000270009,270,기아보통주,기아
KR7013700000,13700,까뮤이앤씨보통주,까뮤이앤씨
KR7308100007,308100,까스텔바작,까스텔바작
KR7004541009,4545,깨끗한나라1우선주,깨끗한나라우
KR7004540001,4540,깨끗한나라보통주,깨끗한나라
KR7187790001,187790,나노,나노
KR7286750005,286750,나노브릭,나노브릭
KR7151910007,151910,나노스,나노스
KR7121600001,121600,나노신소재,나노신소재
KR7247660004,247660,나노씨엠에스,나노씨엠에스
KR7039860002,39860,나노엔텍,나노엔텍
KR7091970004,91970,나노캠텍,나노캠텍
KR7244880001,244880,나눔테크,나눔테크
KR7288490006,288490,나라소프트,나라소프트
KR7051490001,51490,나라엠앤디,나라엠앤디
KR7137080008,137080,나래나노텍,나래나노텍
KR7190510008,190510,나무가,나무가
KR7242040004,242040,나무기술,나무기술
KR7089600001,89600,나스미디어,나스미디어
KR7293580007,293580,나우아이비캐피탈,나우IB
KR7257990002,257990,나우코스,나우코스
KR7138610001,138610,나이벡,나이벡
KR7130580004,130580,나이스디앤비,나이스디앤비
KR7036800001,36800,나이스정보통신,나이스정보통신
KR7030190003,30190,나이스평가정보,NICE평가정보
KR7267320000,267320,나인테크,나인테크
KR7001260009,1260,남광토건보통주,남광토건
KR7008351009,8355,남선알미늄1우선주,남선알미우
KR7008350001,8350,남선알미늄보통주,남선알미늄
KR7004270005,4270,남성보통주,남성
KR7003921004,3925,남양유업1우선주,남양유업우
KR7003920006,3920,남양유업보통주,남양유업
KR7025860008,25860,남해화학보통주,남해화학
KR7111710000,111710,남화산업,남화산업
KR7091590000,91590,남화토건,남화토건
KR7168330009,168330,내츄럴엔도텍,내츄럴엔도텍
KR7094860004,94860,네오리진,네오리진
KR7253590004,253590,네오셈,네오셈
KR7212560007,212560,네오오토,네오오토
KR7095660007,95660,네오위즈,네오위즈
KR7042420000,42420,네오위즈홀딩스,네오위즈홀딩스
KR8840140006,950220,네오이뮨텍(Reg.S),네오이뮨텍(Reg.S)
KR7311390009,311390,네오크레마,네오크레마
KR7085910008,85910,네오티스,네오티스
KR7092730001,92730,네오팜,네오팜
KR7290660000,290660,네오펙트,네오펙트
KR7306620006,306620,네온테크,네온테크
KR7153460001,153460,네이블커뮤니케이션즈,네이블
KR7007390008,7390,네이처셀,네이처셀
KR7086220001,86220,네추럴에프앤피,네추럴FNP
KR7033640004,33640,네패스,네패스
KR7330860008,330860,네패스아크,네패스아크
KR7005721006,5725,넥센1우선주,넥센우
KR7005720008,5720,넥센보통주,넥센
KR7002351005,2355,넥센타이어1우선주(신형),넥센타이어1우B
KR7002350007,2350,넥센타이어보통주,넥센타이어
KR7089140008,89140,넥스턴바이오사이언스,넥스턴바이오
KR7065170003,65170,넥스트비티,넥스트BT
KR7003580008,3580,넥스트사이언스보통주,넥스트사이언스
KR7137940003,137940,넥스트아이,넥스트아이
KR7160550000,160550,넥스트엔터테인먼트월드,NEW
KR7348210006,348210,넥스틴,넥스틴
KR7041140005,41140,넥슨지티,넥슨지티
KR7217270008,217270,넵튠,넵튠
KR7225570001,225570,넷게임즈,넷게임즈
KR7251270005,251270,넷마블보통주,넷마블
KR7317860005,317860,노드메이슨,노드메이슨
KR7104620000,104620,노랑풍선,노랑풍선
KR7090351008,90355,노루페인트 1우선주,노루페인트우
KR7090350000,90350,노루페인트 보통주,노루페인트
KR7000321000,325,노루홀딩스1우선주,노루홀딩스우
KR7000320002,320,노루홀딩스보통주,노루홀딩스
KR7194700001,194700,노바렉스,노바렉스
KR7285490009,285490,노바텍,노바텍
KR7229500004,229500,노브메타파마,노브메타파마
KR7106520000,106520,노블엠앤비,노블엠앤비
KR7376930004,376930,노을,노을
KR7278650007,278650,노터스,노터스
KR7006280002,6280,녹십자보통주,녹십자
KR7142280007,142280,녹십자엠에스,녹십자엠에스
KR7234690006,234690,녹십자웰빙,녹십자웰빙
KR7005252002,5257,녹십자홀딩스2우선주(신형),녹십자홀딩스2우
KR7005250006,5250,녹십자홀딩스보통주,녹십자홀딩스
KR7065560005,65560,녹원씨엔아이,녹원씨엔아이
KR7004370003,4370,농심보통주,농심
KR7072710007,72710,농심홀딩스보통주,농심홀딩스
KR7154030001,154030,농업회사법인 아시아종묘,아시아종묘
KR7054050000,54050,농업회사법인농우바이오,농우바이오
KR7069140002,69140,누리플랜,누리플랜
KR7040160004,40160,누리플렉스,누리플렉스
KR7332290006,332290,누보,누보
KR7126870005,126870,뉴로스,뉴로스
KR7060260007,60260,뉴보텍,뉴보텍
KR7012340006,12340,뉴인텍,뉴인텍
KR7214870008,214870,뉴지랩파마,뉴지랩파마
KR7270870009,270870,뉴트리,뉴트리
KR7144960002,144960,뉴파워프라즈마,뉴파워프라즈마
KR7085670008,85670,뉴프렉스,뉴프렉스
KR7119860005,119860,다나와,다나와
KR7064260003,64260,다날,다날
KR7093640001,93640,다믈멀티미디어,다믈멀티미디어
KR7340360007,340360,다보링크,다보링크
KR7039560008,39560,다산네트웍스,다산네트웍스
KR7058730003,58730,다스코보통주,다스코
KR7023590003,23590,다우기술보통주,다우기술
KR7032190001,32190,다우데이타,다우데이타
KR7323350009,323350,다원넥스뷰,다원넥스뷰
KR7068240001,68240,다원시스,다원시스
KR7145210001,145210,다이나믹디자인보통주,다이나믹디자인
KR7271850000,271850,다이오진,다이오진
KR7343090007,343090,단디바이오사이언스,단디바이오
KR7019680008,19680,대교보통주,대교
KR7019681006,19685,대교우선주(신형),대교우B
KR7006370001,6370,대구백화점보통주,대구백화점
KR700806K010,00806K,대덕1우선주,대덕1우
KR7008060006,8060,대덕보통주,대덕
KR7353200009,353200,대덕전자보통주,대덕전자
KR735320K011,35320K,대덕전자우선주,대덕전자1우
KR7178600003,178600,대동고려삼 주식회사,대동고려삼
KR7020400008,20400,대동금속,대동금속
KR7008830002,8830,대동기어,대동기어
KR7000490003,490,대동보통주,대동
KR7048470009,48470,대동스틸,대동스틸
KR7008110009,8110,대동전자보통주,대동전자
KR7004780003,4780,대륙제관,대륙제관
KR7005750005,5750,대림B&Co보통주,대림B&Co
KR7017650003,17650,대림제지,대림제지
KR7006570006,6570,대림통상보통주,대림통상
KR7007720006,7720,대명소노시즌,대명소노시즌
KR7317850006,317850,대모엔지니어링,대모
KR7290670009,290670,대보마그네틱,대보마그네틱
KR7078140001,78140,대봉엘에스,대봉엘에스
KR7001681006,1685,대상1우선주,대상우
KR7001680008,1680,대상보통주,대상
KR7084691005,84695,대상홀딩스 1우선주,대상홀딩스우
KR7084690007,84690,대상홀딩스 보통주,대상홀딩스
KR7036480002,36480,대성미생물연구소,대성미생물
KR7128820008,128820,대성산업보통주,대성산업
KR7117580001,117580,대성에너지보통주,대성에너지
KR7025440009,25440,대성엘텍,대성엘텍
KR7027830009,27830,대성창업투자,대성창투
KR7104040001,104040,대성파인텍,대성파인텍
KR7016710006,16710,대성홀딩스보통주,대성홀딩스
KR7387310006,387310,대신밸런스제10호기업인수목적,대신밸런스제10호스팩
KR7397500000,397500,대신밸런스제11호기업인수목적,대신밸런스제11호스팩
KR7336570007,336570,대신밸런스제8호기업인수목적,대신밸런스제8호스팩
KR7020180006,20180,대신정보통신,대신정보통신
KR7003541000,3545,대신증권1우선주,대신증권우
KR7003542008,3547,대신증권2우선주(신형),대신증권2우B
KR7003540002,3540,대신증권보통주,대신증권
KR7045390002,45390,대아티아이,대아티아이
KR7009190000,9190,대양금속보통주,대양금속
KR7108380007,108380,대양전기공업,대양전기공업
KR7006580005,6580,대양제지공업,대양제지
KR7014160006,14160,대영포장보통주,대영포장
KR7047040001,47040,대우건설보통주,대우건설
KR7009320003,9320,대우전자부품보통주,대우부품
KR7042660001,42660,대우조선해양보통주,대우조선해양
KR7003090008,3090,대웅보통주,대웅
KR7069620003,69620,대웅제약보통주,대웅제약
KR7007680002,7680,대원,대원
KR7000430009,430,대원강업보통주,대원강업
KR7048910004,48910,대원미디어,대원미디어
KR7005710009,5710,대원산업,대원산업
KR7006341002,6345,대원전선1우선주,대원전선우
KR7006340004,6340,대원전선보통주,대원전선
KR7003220001,3220,대원제약보통주,대원제약
KR7024890006,24890,대원화성보통주,대원화성
KR7290380005,290380,대유,대유
KR7002880003,2880,대유에이텍,대유에이텍
KR7290120005,290120,대유에이피,대유에이피
KR7000300004,300,대유플러스보통주,대유플러스
KR7120240007,120240,대정화금,대정화금
KR7003310000,3310,대주산업,대주산업
KR7114920002,114920,대주이엔티 주식회사,대주이엔티
KR7078600004,78600,대주전자재료,대주전자재료
KR7015230006,15230,대창단조보통주,대창단조
KR7012800009,12800,대창보통주,대창
KR7096350004,96350,대창솔루션,대창솔루션
KR7140520008,140520,대창스틸,대창스틸
KR7131220006,131220,대한과학,대한과학
KR7010170009,10170,대한광통신,대한광통신
KR7060900008,60900,대한그린파워,대한그린파워
KR7054670005,54670,대한뉴팜,대한뉴팜
KR7001070002,1070,대한방직보통주,대한방직
KR7023910003,23910,대한약품공업,대한약품
KR7006650006,6650,대한유화보통주,대한유화
KR7001440007,1440,대한전선보통주,대한전선
KR7084010008,84010,대한제강 보통주,대한제강
KR7001791003,1795,대한제당1우선주,대한제당우
KR7001790005,1790,대한제당보통주,대한제당
KR7001130004,1130,대한제분보통주,대한제분
KR7003491008,3495,대한항공1우선주,대한항공우
KR7003490000,3490,대한항공보통주,대한항공
KR7005880000,5880,대한해운보통주,대한해운
KR7003830007,3830,대한화섬보통주,대한화섬
KR7016090003,16090,대현보통주,대현
KR7069460004,69460,대호에이엘보통주,대호에이엘
KR7021040001,21040,대호특수강,대호특수강
KR7021041009,21045,대호특수강1우선주,대호특수강우
KR7067080002,67080,대화제약,대화제약
KR7161570007,161570,더 미동,THE MIDONG
KR7298540006,298540,더네이쳐홀딩스,더네이쳐홀딩스
KR7192080000,192080,더블유게임즈보통주,더블유게임즈
KR7073570004,73570,더블유아이,WI
KR7299170001,299170,더블유에스아이,더블유에스아이
KR7192410009,192410,더에이치큐,THQ
KR7089230007,89230,더이앤엠,THE E&M
KR7012510004,12510,더존비즈온보통주,더존비즈온
KR7302920004,302920,더콘텐츠온,더콘텐츠온
KR7213420003,213420,덕산네오룩스,덕산네오룩스
KR7317330009,317330,덕산테코피아,덕산테코피아
KR7077360006,77360,덕산하이메탈,덕산하이메탈
KR7004831004,4835,덕성1우선주,덕성우
KR7004830006,4830,덕성보통주,덕성
KR7090410002,90410,덕신하우징,덕신하우징
KR7024900003,24900,덕양산업보통주,덕양산업
KR7263600009,263600,덕우전자,덕우전자
KR7194480000,194480,데브시스터즈,데브시스터즈
KR7348840000,348840,데이드림엔터테인먼트,데이드림엔터
KR7263800005,263800,데이타솔루션,데이타솔루션
KR7199150004,199150,데이터스트림즈,데이터스트림즈
KR7206560005,206560,덱스터스튜디오,덱스터
KR7261200000,261200,덴티스,덴티스
KR7145720009,145720,덴티움보통주,덴티움
KR7227420007,227420,도부마스크,도부마스크
KR7067990002,67990,도이치모터스,도이치모터스
KR7002150001,2150,도화엔지니어링보통주,도화엔지니어링
KR7006620009,6620,동구바이오제약,동구바이오제약
KR7005160007,5160,동국산업,동국산업
KR7075970004,75970,동국알앤에스,동국알앤에스
KR7100130004,100130,동국에스엔씨,동국S&C
KR7001230002,1230,동국제강보통주,동국제강
KR7086450004,86450,동국제약,동국제약
KR7004140000,4140,동방보통주,동방
KR7099410003,99410,동방선기,동방선기
KR7007590003,7590,동방아그로보통주,동방아그로
KR7005961008,5965,동부건설1우선주,동부건설우
KR7005960000,5960,동부건설보통주,동부건설
KR7026960005,26960,동서보통주,동서
KR7002210003,2210,동성제약보통주,동성제약
KR7102260007,102260,동성케미컬보통주,동성케미컬
KR7033500000,33500,동성화인텍,동성화인텍
KR7025950007,25950,동신건설,동신건설
KR7000640003,640,동아쏘시오홀딩스보통주,동아쏘시오홀딩스
KR7170900005,170900,동아에스티보통주,동아에스티
KR7088130000,88130,동아엘텍,동아엘텍
KR7028100006,28100,동아지질보통주,동아지질
KR7282690007,282690,동아타이어공업보통주,동아타이어
KR7041930009,41930,동아화성,동아화성
KR7001521004,1525,동양1우선주,동양우
KR7001522002,1527,동양2우선주(신형),동양2우B
KR7001523000,1529,동양3우선주(신형),동양3우B
KR7084670009,84670,동양고속보통주,동양고속
KR7001520006,1520,동양보통주,동양
KR7082640004,82640,동양생명보험보통주,동양생명
KR7060380003,60380,동양에스텍,동양에스텍
KR7079960001,79960,동양이엔피,동양이엔피
KR7008970006,8970,동양철관보통주,동양철관
KR7228340006,228340,동양파일,동양파일
KR7092780006,92780,동양피스톤보통주,동양피스톤
KR7088910005,88910,동우팜투테이블,동우팜투테이블
KR7094170008,94170,동운아나텍,동운아나텍
KR7049770001,49770,동원F&B보통주,동원F&B
KR7013120001,13120,동원개발,동원개발
KR7018500009,18500,동원금속보통주,동원금속
KR7006040000,6040,동원산업보통주,동원산업
KR7030720007,30720,동원수산보통주,동원수산
KR7014821003,14825,동원시스템즈1우선주,동원시스템즈우
KR7014820005,14820,동원시스템즈보통주,동원시스템즈
KR7163560006,163560,동일고무벨트보통주,동일고무벨트
KR7109860007,109860,동일금속,동일금속
KR7032960007,32960,동일기연,동일기연
KR7004890000,4890,동일산업보통주,동일산업
KR7002690006,2690,동일제강보통주,동일제강
KR7023790009,23790,동일철강,동일철강
KR7005290002,5290,동진쎄미켐,동진쎄미켐
KR7025900002,25900,동화기업,동화기업
KR7000020008,20,동화약품보통주,동화약품
KR7000151001,155,두산1우선주,두산우
KR7000152009,157,두산2우선주(신형),두산2우B
KR7241560002,241560,두산밥캣보통주,두산밥캣
KR7000150003,150,두산보통주,두산
KR7034020008,34020,두산중공업보통주,두산중공업
KR733626K013,33626K,두산퓨얼셀1우선주,두산퓨얼셀1우
KR733626K021,33626L,두산퓨얼셀2우선주(신형),두산퓨얼셀2우B
KR7336260005,336260,두산퓨얼셀보통주,두산퓨얼셀
KR7016740003,16740,두올보통주,두올
KR7073190001,73190,듀오백,듀오백
KR7176750008,176750,듀켐바이오,듀켐바이오
KR7030350003,30350,드래곤플라이,드래곤플라이
KR7203650007,203650,드림시큐리티,드림시큐리티
KR7223250002,223250,드림씨아이에스,드림씨아이에스
KR7060570009,60570,드림어스컴퍼니,드림어스컴퍼니
KR7192650000,192650,드림텍보통주,드림텍
KR7217620004,217620,디딤,디딤
KR7187870001,187870,디바이스이엔지,디바이스이엔지
KR7404950008,404950,디비금융제10호기업인수목적,DB금융스팩10호
KR7367340007,367340,디비금융제8호기업인수목적,DB금융스팩8호
KR7367360005,367360,디비금융제9호기업인수목적,DB금융스팩9호
KR7066670001,66670,디스플레이테크,디스플레이텍
KR7024090003,24090,디씨엠보통주,디씨엠
KR7003160009,3160,디아이보통주,디아이
KR7092200005,92200,디아이씨 보통주,디아이씨
KR7110990009,110990,디아이티,디아이티
KR7078590007,78590,디아크,디아크
KR7004840005,4840,디알비동일보통주,DRB동일
KR7263690000,263690,디알젬,디알젬
KR7214680001,214680,디알텍,디알텍
KR7377190004,377190,디앤디플랫폼리츠보통주,디앤디플랫폼리츠
KR7263720005,263720,디앤씨미디어,디앤씨미디어
KR7376300000,376300,디어유,디어유
KR7241520006,241520,디에스씨인베스트먼트,DSC인베스트먼트
KR7109740001,109740,디에스케이,디에스케이
KR7131030009,131030,디에이치피코리아,디에이치피코리아
KR7196490007,196490,디에이테크놀로지,디에이테크놀로지
KR7066900002,66900,디에이피,디에이피
KR7180400004,180400,디엑스앤브이엑스,디엑스앤브이엑스
KR7127120004,127120,디엔에이링크,디엔에이링크
KR7092070002,92070,디엔에프,디엔에프
KR7068790005,68790,디엠에스,DMS
KR7039840004,39840,디오,디오
KR7219550001,219550,디와이디,디와이디
KR7013570007,13570,디와이보통주,디와이
KR7310870001,310870,디와이씨,디와이씨
KR7210540001,210540,디와이파워보통주,디와이파워
KR7104460001,104460,디와이피엔에프,디와이피엔에프
KR7079810008,79810,디이엔티,디이엔티
KR7113810006,113810,디젠스,디젠스
KR7043360007,43360,디지아이,디지아이
KR7197140007,197140,디지캡,디지캡
KR7068930007,68930,디지털대성,디지털대성
KR7033130006,33130,디지틀조선일보,디지틀조선
KR7105740005,105740,디케이락,디케이락
KR7263020000,263020,디케이앤디,디케이앤디
KR7290550003,290550,디케이티,디케이티
KR7007340003,7340,디티알오토모티브보통주,디티알오토모티브
KR7187220009,187220,디티앤씨,디티앤씨
KR7163430002,163430,디피코,디피코
KR7131180002,131180,딜리,딜리
KR7315640003,315640,딥노이드,딥노이드
KR7317120004,317120,라닉스,라닉스
KR7042510008,42510,라온시큐어,라온시큐어
KR7232680009,232680,라온테크,라온테크
KR7300120003,300120,라온피플,라온피플
KR7171120009,171120,라이온켐텍,라이온켐텍
KR7069540003,69540,라이트론,라이트론
KR7285770004,285770,라이프사이언스테크놀로지,라이프사이언스테크놀로지
KR7347700007,347700,라이프시맨틱스,라이프시맨틱스
KR7214260002,214260,라파스,라파스
KR7115390007,115390,락앤락보통주,락앤락
KR7200350007,200350,래몽래인,래몽래인
KR7171010002,171010,램테크놀러지,램테크놀러지
KR7084650001,84650,랩지노믹스,랩지노믹스
KR7217500008,217500,러셀,러셀
KR7092590009,92590,럭스피아,럭스피아
KR7141080002,141080,레고켐바이오사이언스,레고켐바이오
KR7060300001,60300,레드로버,레드로버
KR7038390001,38390,레드캡투어,레드캡투어
KR7294140009,294140,레몬,레몬
KR7228670006,228670,레이,레이
KR7228850004,228850,레이언스,레이언스
KR7281740001,281740,레이크머티리얼즈,레이크머티리얼즈
KR7277810008,277810,레인보우로보틱스,레인보우로보틱스
KR7179720008,179720,렌딩머신,렌딩머신
KR7215100009,215100,로보로보,로보로보
KR7090360009,90360,로보스타,로보스타
KR7238500003,238500,로보쓰리,로보쓰리
KR7108490004,108490,로보티즈,로보티즈
HK0000295359,900260,로스웰인터내셔널,로스웰
KR7223220005,223220,로지스몬,로지스몬
KR7067730002,67730,로지시스,로지시스
KR7071280002,71280,로체시스템즈,로체시스템즈
KR7032350001,32350,롯데관광개발 보통주,롯데관광개발
KR7089860001,89860,롯데렌탈보통주,롯데렌탈
KR7330590001,330590,롯데리츠보통주,롯데리츠
KR7000400002,400,롯데손해보험보통주,롯데손해보험
KR7023530009,23530,롯데쇼핑 보통주,롯데쇼핑
KR7004000006,4000,롯데정밀화학보통주,롯데정밀화학
KR7286940002,286940,롯데정보통신보통주,롯데정보통신
KR7280360009,280360,롯데제과보통주,롯데제과
KR700499K014,00499K,롯데지주1우선주,롯데지주우
KR7004990008,4990,롯데지주보통주,롯데지주
KR7005301007,5305,롯데칠성음료1우선주,롯데칠성우
KR7005300009,5300,롯데칠성음료보통주,롯데칠성
KR7011170008,11170,롯데케미칼보통주,롯데케미칼
KR7002270007,2270,롯데푸드보통주,롯데푸드
KR7071840003,71840,롯데하이마트보통주,롯데하이마트
KR7038060000,38060,루멘스,루멘스
KR7162120000,162120,루켄테크놀러지스,루켄테크놀러지스
KR7253610000,253610,루트락,루트락
KR7085370005,85370,루트로닉,루트로닉
KR708537K039,08537M,루트로닉3우선주(전환),루트로닉3우C
KR7060240009,60240,룽투코리아,룽투코리아
KR7058470006,58470,리노공업,리노공업
KR7039980008,39980,리노스,리노스
KR7019570001,19570,리더스 기술투자,리더스 기술투자
KR7016100000,16100,리더스코스메틱,리더스코스메틱
KR7012700001,12700,리드코프,리드코프
KR7302550009,302550,리메드,리메드
KR7377450002,377450,리파인,리파인
KR7029480001,29480,릭스솔루션,릭스솔루션
KR7277070009,277070,린드먼아시아인베스트먼트,린드먼아시아
KR7042500009,42500,링네트,링네트
KR7219420007,219420,링크제니시스,링크제니시스
KR7027740000,27740,마니커보통주,마니커
KR7195500004,195500,마니커에프앤지,마니커에프앤지
KR7222810004,222810,마이더스AI,마이더스AI
KR7305090003,305090,마이크로디지탈,마이크로디지탈
KR7147760003,147760,마이크로프랜드,마이크로프랜드
KR7377480009,377480,마인즈랩,마인즈랩
KR7169330008,169330,마크로밀엠브레인,엠브레인
KR7038290003,38290,마크로젠,마크로젠
KR7204320006,204320,만도보통주,만도
KR7001080001,1080,만호제강보통주,만호제강
KR7220630008,220630,맘스터치앤컴퍼니,맘스터치
KR7267980001,267980,매일유업,매일유업
KR7005990007,5990,매일홀딩스,매일홀딩스
KR7127160000,127160,매직마이크로,매직마이크로
KR7093520005,93520,매커스,매커스
KR7377030002,377030,맥스트,맥스트
KR7088980008,88980,맥쿼리한국인프라투융자회사 보통주,맥쿼리인프라
KR7100590009,100590,머큐리,머큐리
KR7067280008,67280,멀티캠퍼스,멀티캠퍼스
KR7072870009,72870,메가스터디,메가스터디
KR7215200007,215200,메가스터디교육,메가스터디교육
KR7133750000,133750,메가엠디,메가엠디
KR7235980000,235980,메드팩토,메드팩토
KR7200580009,200580,메디쎄이,메디쎄이
KR7041920000,41920,메디아나,메디아나
KR7233250000,233250,메디안디노스틱,메디안디노스틱
KR7014100002,14100,메디앙스,메디앙스
KR7236340006,236340,메디젠휴먼케어,메디젠휴먼케어
KR7054180005,54180,메디콕스,메디콕스
KR7086900008,86900,메디톡스,메디톡스
KR7078160009,78160,메디포스트,메디포스트
KR7065650004,65650,메디프론디비티,메디프론
KR7138040001,138040,메리츠금융지주회사보통주,메리츠금융지주
KR7008560005,8560,메리츠증권보통주,메리츠증권
KR7000060004,60,메리츠화재해상보험보통주,메리츠화재
KR7021880000,21880,메이슨캐피탈,메이슨캐피탈
KR7140410002,140410,메지온,메지온
KR7241770007,241770,메카로,메카로
KR7090370008,90370,메타랩스보통주,메타랩스
KR7059210005,59210,메타바이오메드,메타바이오메드
KR7058110008,58110,멕아이씨에스,멕아이씨에스
KR7096640008,96640,멜파스,멜파스
KR7017180001,17180,명문제약 보통주,명문제약
KR7257370007,257370,명성티엔에스,명성티엔에스
KR7009900002,9900,명신산업보통주,명신산업
KR7267060002,267060,명진홀딩스,명진홀딩스
KR7012690004,12690,모나리자보통주,모나리자
KR7005360003,5360,모나미보통주,모나미
KR7080420003,80420,모다이노칩,모다이노칩
KR7080160005,80160,모두투어네트워크,모두투어
KR7204210009,204210,모두투어리츠보통주,모두투어리츠
KR7100030006,100030,모바일리더,모바일리더
KR7087260006,87260,모바일어플라이언스,모바일어플라이언스
KR7101330009,101330,모베이스,모베이스
KR7012860003,12860,모베이스전자,모베이스전자
KR7348030008,348030,모비릭스,모비릭스
KR7250060001,250060,모비스,모비스
KR7033200007,33200,모아텍,모아텍
KR7009680000,9680,모토닉보통주,모토닉
KR7118990001,118990,모트렉스,모트렉스
KR7006920003,6920,모헨즈,모헨즈
KR7001810001,1810,무림에스피,무림SP
KR7009200007,9200,무림페이퍼보통주,무림페이퍼
KR7009580002,9580,무림피앤피보통주,무림P&P
KR7322970005,322970,무진메디,무진메디
KR7033920000,33920,무학보통주,무학
KR7008420002,8420,문배철강보통주,문배철강
KR7279600001,279600,미디어젠,미디어젠
KR7095500005,95500,미래나노텍,미래나노텍
KR7025560004,25560,미래산업보통주,미래산업
KR7218150001,218150,미래생명자원,미래생명자원
KR7007120009,7120,미래아이앤지보통주,미래아이앤지
KR7396690000,396690,미래에셋글로벌리츠보통주,미래에셋글로벌리츠
KR7353490006,353490,미래에셋대우기업인수목적 5호,미래에셋대우스팩 5호
KR7328380001,328380,미래에셋대우기업인수목적3호,미래에셋대우스팩3호
KR7357250000,357250,미래에셋맵스리츠보통주,미래에셋맵스리츠
KR7094800000,94800,미래에셋맵스아시아퍼시픽부동산공모1호,맵스리얼티1
KR7100790005,100790,미래에셋벤처투자,미래에셋벤처투자
KR7085620003,85620,미래에셋생명보험보통주,미래에셋생명
KR7006801005,6805,미래에셋증권1우선주,미래에셋증권우
KR700680K019,00680K,미래에셋증권2우선주(신형),미래에셋증권2우B
KR7006800007,6800,미래에셋증권보통주,미래에셋증권
KR7208890004,208890,미래엔에듀파트너,미래엔에듀파트너
KR7049950009,49950,미래컴퍼니,미래컴퍼니
KR7207760000,207760,미스터블루,미스터블루
KR7225850007,225850,미애부,미애부
KR7002840007,2840,미원상사보통주,미원상사
KR7268280005,268280,미원스페셜티케미칼보통주,미원에스씨
KR7107590002,107590,미원홀딩스 보통주,미원홀딩스
KR7134380005,134380,미원화학보통주,미원화학
KR7003650009,3650,미창석유공업보통주,미창석유
KR7059090001,59090,미코,미코
KR7214610008,214610,미코바이오메드,미코바이오메드
KR7201490000,201490,미투온,미투온
KR8344390008,950190,미투젠,미투젠
KR7214180002,214180,민앤지,민앤지
KR7155900004,155900,바다로19호선박투자회사,바다로19호
KR7206640005,206640,바디텍메드,바디텍메드
KR7018700005,18700,바른손,바른손
KR7035620004,35620,바른손이앤에이,바른손이앤에이
KR7064520000,64520,바른전자,바른전자
KR7053030003,53030,바이넥스,바이넥스
KR7301300000,301300,바이브컴퍼니,바이브컴퍼니
KR7064550007,64550,바이오니아,바이오니아
KR7314930009,314930,바이오다인,바이오다인
KR7208710004,208710,바이오로그디바이스,바이오로그디바이스
KR7142760008,142760,바이오리더스,바이오리더스
KR7086820008,86820,바이오솔루션,바이오솔루션
KR7038460002,38460,바이오스마트,바이오스마트
KR7281310003,281310,바이오시네틱스,바이오시네틱스
KR7251120002,251120,바이오에프디엔씨,바이오에프디엔씨
KR7266470004,266470,바이오인프라생명과학,바이오인프라생명과학
KR7086040003,86040,바이오톡스텍,바이오톡스텍
KR7199290008,199290,바이오프로테크,바이오프로테크
KR7099430001,99430,바이오플러스,바이오플러스
KR7032980005,32980,바이온,바이온
KR7222160004,222160,바이옵트로,바이옵트로
KR7308080001,308080,바이젠셀,바이젠셀
KR7043150002,43150,바텍,바텍
KR7323990002,323990,박셀바이오,박셀바이오
KR7003610003,3610,방림보통주,방림
KR7267790004,267790,배럴,배럴
KR7001340009,1340,백광산업보통주,백광산업
KR7046310009,46310,백금티앤에이,백금T&A
KR7035150002,35150,백산보통주,백산
KR7066410002,66410,버킷스튜디오,버킷스튜디오
KR7002410009,2410,범양건영보통주,범양건영
KR7206400004,206400,베노홀딩스,베노홀딩스
KR7019010008,19010,베뉴지,베뉴지
KR7322190000,322190,베른,베른
KR7177350006,177350,베셀,베셀
KR7299910000,299910,베스파,베스파
KR7007210008,7210,벽산보통주,벽산
KR7225530005,225530,보광산업,보광산업
KR7250000007,250000,보라티알,보라티알
KR7002760007,2760,보락보통주,보락
KR7003850005,3850,보령제약보통주,보령제약
KR7006910004,6910,보성파워텍,보성파워텍
KR7000890004,890,보해양조보통주,보해양조
KR7226340008,226340,본느,본느
KR7206950008,206950,볼빅,볼빅
KR7008470007,8470,부-스타,부스타
KR7003000007,3000,부광약품보통주,부광약품
KR7001271006,1275,부국증권1우선주,부국증권우
KR7001270008,1270,부국증권보통주,부국증권
KR7026940007,26940,부국철강 보통주,부국철강
KR7014470009,14470,부방,부방
KR7011390002,11390,부산산업보통주,부산산업
KR7005030002,5030,부산주공보통주,부산주공
KR7338220007,338220,뷰노,뷰노
KR7100120005,100120,뷰웍스,뷰웍스
KR7337930002,337930,브랜드엑스코퍼레이션,브랜드엑스코퍼레이션
KR7099390007,99390,브레인즈컴퍼니,브레인즈컴퍼니
KR7064480007,64480,브리지텍,브리지텍
KR7288330004,288330,브릿지바이오테라퓨틱스,브릿지바이오테라퓨틱스
KR7365900000,365900,브이씨,브이씨
KR7251630000,251630,브이원텍,브이원텍
KR7018290007,18290,브이티지엠피,브이티지엠피
KR7044480002,44480,블루베리엔에프티,블루베리 NFT
KR7033560004,33560,블루콤,블루콤
KR7191600006,191600,블루탑,블루탑
KR7369370002,369370,블리츠웨이,블리츠웨이
KR7126340009,126340,비나텍,비나텍
KR7121800007,121800,비덴트,비덴트
KR7148140007,148140,비디아이,비디아이
KR7082800004,82800,비보존 헬스케어,비보존 헬스케어
KR7318410008,318410,비비씨,비비씨
KR7002070001,2070,비비안보통주,비비안
KR7100220003,100220,비상교육 보통주,비상교육
KR7146320007,146320,비씨엔씨,비씨엔씨
KR7200780005,200780,비씨월드제약,비씨월드제약
KR7141000000,141000,비아트론,비아트론
KR7090460007,90460,비에이치,비에이치
KR7083650002,83650,비에이치아이,비에이치아이
KR7215050006,215050,비엔디생활건강,비엔디생활건강
KR7032790008,32790,비엔지티,BNGT
KR7086670007,86670,비엠티,비엠티
KR7335890000,335890,비올,비올
KR7138580006,138580,비즈니스온커뮤니케이션,비즈니스온
KR7082920000,82920,비츠로셀,비츠로셀
KR7054220009,54220,비츠로시스,비츠로시스
KR7042370007,42370,비츠로테크,비츠로테크
KR7030790000,30790,비케이탑스보통주,비케이탑스
KR7307870006,307870,비투엔,비투엔
KR7357880004,357880,비트나인,비트나인
KR7032850000,32850,비트컴퓨터,비트컴퓨터
KR7148780000,148780,비플라이소프트,비플라이소프트
KR7238200000,238200,비피도,비피도
KR7093190007,93190,빅솔론,빅솔론
KR7065450009,65450,빅텍,빅텍
KR7210120002,210120,빅토리콘텐츠,빅텐츠
KR7005180005,5180,빙그레보통주,빙그레
KR7072950009,72950,빛샘전자,빛샘전자
KR7266170000,266170,뿌리깊은나무들,뿌리깊은나무들
KR7143240000,143240,사람인에이치알,사람인에이치알
KR7003960002,3960,사조대림보통주,사조대림
KR7008040008,8040,사조동아원보통주,사조동아원
KR7007160005,7160,사조산업보통주,사조산업
KR7014710008,14710,사조씨푸드보통주,사조씨푸드
KR7006090005,6090,사조오양보통주,사조오양
KR7100090000,100090,삼강엠앤티,삼강엠앤티
KR7122350002,122350,삼기,삼기
KR7014970008,14970,삼륭물산,삼륭물산
KR7018310003,18310,삼목에스폼,삼목에스폼
KR7053700001,53700,삼보모터스,삼보모터스
KR7009620006,9620,삼보산업,삼보산업
KR7023600000,23600,삼보판지,삼보판지
KR7001470004,1470,삼부토건보통주,삼부토건
KR7006401004,6405,삼성SDI1우선주,삼성SDI우
KR7006400006,6400,삼성SDI보통주,삼성SDI
KR7006660005,6660,삼성공조보통주,삼성공조
KR7377630009,377630,삼성기업인수목적4호,삼성스팩4호
KR7380320002,380320,삼성머스트기업인수목적5호,삼성머스트스팩5호
KR702826K016,02826K,삼성물산1우선주(신형),삼성물산우B
KR7028260008,28260,삼성물산보통주,삼성물산
KR7207940008,207940,삼성바이오로직스보통주,삼성바이오로직스
KR7032830002,32830,삼성생명보험보통주,삼성생명
KR7018260000,18260,삼성에스디에스보통주,삼성에스디에스
KR7028050003,28050,삼성엔지니어링보통주,삼성엔지니어링
KR7009151002,9155,삼성전기1우선주,삼성전기우
KR7009150004,9150,삼성전기보통주,삼성전기
KR7005931001,5935,삼성전자1우선주,삼성전자우
KR7005930003,5930,삼성전자보통주,삼성전자
KR7001360007,1360,삼성제약,삼성제약
KR7010141000,10145,삼성중공업1우선주,삼성중공우
KR7010140002,10140,삼성중공업보통주,삼성중공업
KR7016360000,16360,삼성증권보통주,삼성증권
KR7068290006,68290,삼성출판사보통주,삼성출판사
KR7029780004,29780,삼성카드 보통주,삼성카드
KR7000811000,815,삼성화재해상보험1우선주,삼성화재우
KR7000810002,810,삼성화재해상보험보통주,삼성화재
KR7006110001,6110,삼아알미늄보통주,삼아알미늄
KR7009300005,9300,삼아제약,삼아제약
KR7145991006,145995,삼양사1우선주,삼양사우
KR7145990008,145990,삼양사보통주,삼양사
KR7003230000,3230,삼양식품보통주,삼양식품
KR7225190008,225190,삼양옵틱스,삼양옵틱스
KR7002170009,2170,삼양통상보통주,삼양통상
KR7272550005,272550,삼양패키징보통주,삼양패키징
KR7000071001,75,삼양홀딩스1우선주,삼양홀딩스우
KR7000070003,70,삼양홀딩스보통주,삼양홀딩스
KR7060310000,60310,삼에스코리아,3S
KR7002810000,2810,삼영무역보통주,삼영무역
KR7361670003,361670,삼영에스앤씨,삼영에스앤씨
KR7054540000,54540,삼영엠텍,삼영엠텍
KR7065570004,65570,삼영이엔씨,삼영이엔씨
KR7005680004,5680,삼영전자공업보통주,삼영전자
KR7003720000,3720,삼영화학공업보통주,삼영화학
KR7023000003,23000,삼원강재 보통주,삼원강재
KR7004380002,4380,삼익THK보통주,삼익THK
KR7002450005,2450,삼익악기보통주,삼익악기
KR7032280000,32280,삼일,삼일
KR7002290005,2290,삼일기업공사,삼일기업공사
KR7004440004,4440,삼일씨엔에스보통주,삼일씨엔에스
KR7000520007,520,삼일제약보통주,삼일제약
KR7009770009,9770,삼정펄프 보통주,삼정펄프
KR7037460003,37460,삼지전자,삼지전자
KR7032750002,32750,삼진,삼진
KR7054090006,54090,삼진엘앤디,삼진엘앤디
KR7005500004,5500,삼진제약보통주,삼진제약
KR7000250001,250,삼천당제약,삼천당제약
KR7004690004,4690,삼천리보통주,삼천리
KR7024950008,24950,삼천리자전거,삼천리자전거
KR7038500005,38500,삼표시멘트,삼표시멘트
KR7017480005,17480,삼현철강,삼현철강
KR7010960003,10960,삼호개발 보통주,삼호개발
KR7046390001,46390,삼화네트웍스,삼화네트웍스
KR7004450003,4450,삼화왕관보통주,삼화왕관
KR7009470006,9470,삼화전기보통주,삼화전기
KR7011230000,11230,삼화전자공업보통주,삼화전자
KR7001820000,1820,삼화콘덴서공업보통주,삼화콘덴서
KR7000390005,390,삼화페인트공업보통주,삼화페인트
KR7027580000,27580,상보,상보
KR7038540001,38540,상상인,상상인
KR7329560007,329560,상상인이안제2호기업인수목적,상상인이안제2호스팩
KR7101000008,101000,상상인인더스트리,상상인인더스트리
KR7001290006,1290,상상인증권보통주,상상인증권
KR7041650003,41650,상신브레이크보통주,상신브레이크
KR7091580001,91580,상신이디피,상신이디피
KR7263810004,263810,상신전자,상신전자
KR7089980007,89980,상아프론테크,상아프론테크
KR7042940007,42940,상지카일룸,상지카일룸
KR7042600007,42600,새로닉스,새로닉스
KR7075180000,75180,새론오토모티브,새론오토모티브
KR7252990007,252990,샘씨엔에스,샘씨엔에스
KR7263540007,263540,샘코,샘코
KR7007540008,7540,샘표보통주,샘표
KR7248170003,248170,샘표식품보통주,샘표식품
KR7294630009,294630,서남,서남
KR7038070009,38070,서린바이오사이언스,서린바이오
KR7006730006,6730,서부티엔디,서부T&D
KR7079650008,79650,서산,서산
KR7100660000,100660,서암기계공업,서암기계공업
KR7007860000,7860,서연보통주,서연
KR7200880003,200880,서연이화보통주,서연이화
KR7019770007,19770,서연탑메탈,서연탑메탈
KR7017390006,17390,서울도시가스보통주,서울가스
KR7043710003,43710,서울리거,서울리거
KR7092190008,92190,서울바이오시스,서울바이오시스
KR7046890000,46890,서울반도체,서울반도체
KR7004411005,4415,서울식품공업1우선주,서울식품우
KR7004410007,4410,서울식품공업보통주,서울식품
KR7063170005,63170,서울옥션,서울옥션
KR7027040005,27040,서울전자통신,서울전자통신
KR7018680009,18680,서울제약,서울제약
KR7021050000,21050,서원보통주,서원
KR7093920007,93920,서원인텍,서원인텍
KR7189860000,189860,서전기전,서전기전
KR7178320008,178320,서진시스템,서진시스템
KR7122690001,122690,서진오토모티브,서진오토모티브
KR7140070004,140070,서플러스글로벌,서플러스글로벌
KR7011370004,11370,서한,서한
KR7065710006,65710,서호전기,서호전기
KR7008490005,8490,서흥보통주,서흥
KR7035890003,35890,서희건설,서희건설
KR7357550003,357550,석경에이티,석경에이티
KR7003100005,3100,선광,선광
KR7123420002,123420,선데이토즈,선데이토즈
KR7007610009,7610,선도전기보통주,선도전기
KR7067370007,67370,선바이오,선바이오
KR7002820009,2820,선앤엘보통주,SUN&L
KR7171090004,171090,선익시스템,선익시스템
KR7136490000,136490,선진보통주,선진
KR7086710001,86710,선진뷰티사이언스,선진뷰티사이언스
KR7014620009,14620,성광벤드,성광벤드
KR7037350006,37350,성도이엔지,성도이엔지
KR7014911002,14915,성문전자1우선주,성문전자우
KR7014910004,14910,성문전자보통주,성문전자
KR7003080009,3080,성보화학보통주,성보화학
KR7004981007,4985,성신양회1우선주,성신양회우
KR7004980009,4980,성신양회보통주,성신양회
KR7011300001,11300,성안보통주,성안
KR7081580003,81580,성우전자,성우전자
KR7045300001,45300,성우테크론,성우테크론
KR7015750003,15750,성우하이텍,성우하이텍
KR7000180000,180,성창기업지주보통주,성창기업지주
KR7080470008,80470,성창오토텍,성창오토텍
KR7043260009,43260,성호전자,성호전자
KR7148150006,148150,세경하이테크,세경하이테크
KR7002420008,2420,세기상사보통주,세기상사
KR7053060000,53060,세동,세동
KR7340440007,340440,세림비앤지,세림B&G
KR7017510009,17510,세명전기공업,세명전기
KR7004361002,4365,세방1우선주,세방우
KR7004360004,4360,세방보통주,세방
KR7004490009,4490,세방전지보통주,세방전지
KR7011560000,11560,세보엠이씨,세보엠이씨
KR7001430008,1430,세아베스틸보통주,세아베스틸
KR7306200007,306200,세아제강보통주,세아제강
KR7003030004,3030,세아제강지주보통주,세아제강지주
KR7019440007,19440,세아특수강보통주,세아특수강
KR7058650003,58650,세아홀딩스보통주,세아홀딩스
KR7052190006,52190,세영디앤씨,세영디앤씨
KR7013000005,13000,세우글로벌보통주,세우글로벌
KR7100700004,100700,세운메디칼,세운메디칼
KR7234100006,234100,세원,세원
KR7024830002,24830,세원물산,세원물산
KR7091090001,91090,세원이앤씨보통주,세원이앤씨
KR7021820006,21820,세원정공보통주,세원정공
KR7067830000,67830,세이브존I&C보통주,세이브존I&C
KR7033530007,33530,세종공업보통주,세종공업
KR7258830009,258830,세종메디칼,세종메디칼
KR7036630002,36630,세종텔레콤,세종텔레콤
KR7039310008,39310,세중,세중
KR7075580001,75580,세진중공업보통주,세진중공업
KR7067770008,67770,세진티에스,세진티에스
KR7053450003,53450,세코닉스,세코닉스
KR7234340008,234340,세틀뱅크,세틀뱅크
KR7027970003,27970,세하보통주,세하
KR7252500004,252500,세화피앤씨,세화피앤씨
KR7347000002,347000,센코,센코
KR7308170000,308170,센트랄모텍보통주,센트랄모텍
KR7012600003,12600,센트럴인사이트보통주,센트럴인사이트
KR7331920009,331920,셀레믹스,셀레믹스
KR7049180003,49180,셀루메드,셀루메드
KR7299660001,299660,셀리드,셀리드
KR7268600004,268600,셀리버리,셀리버리
KR7108860008,108860,셀바스에이아이,셀바스AI
KR7208370007,208370,셀바스헬스케어,셀바스헬스케어
KR7258250000,258250,셀젠텍,셀젠텍
KR7068270008,68270,셀트리온보통주,셀트리온
KR7068760008,68760,셀트리온제약,셀트리온제약
KR7091990002,91990,셀트리온헬스케어,셀트리온헬스케어
KR7290690007,290690,소룩스,소룩스
KR7053110003,53110,소리바다,소리바다
KR8840150005,950200,소마젠,소마젠
KR7032680001,32680,소프트센,소프트센
KR7032681009,32685,소프트센1우선주,소프트센우
KR7258790005,258790,소프트캠프,소프트캠프
KR7066910001,66910,손오공,손오공
KR7043100007,43100,솔고바이오메디칼,솔고바이오
KR733637K010,33637K,솔루스첨단소재1우선주,솔루스첨단소재1우
KR733637K028,33637L,솔루스첨단소재2우선주(신형),솔루스첨단소재2우B
KR7336370002,336370,솔루스첨단소재보통주,솔루스첨단소재
KR7154040000,154040,솔루에타,솔루에타
KR7248070005,248070,솔루엠보통주,솔루엠
KR7035610005,35610,솔본,솔본
KR7357780006,357780,솔브레인,솔브레인
KR7036830008,36830,솔브레인홀딩스,솔브레인홀딩스
KR7304100001,304100,솔트룩스,솔트룩스
KR7004430005,4430,송원산업보통주,송원산업
KR7086980000,86980,쇼박스,쇼박스
KR7050960004,50960,수산아이앤티,수산아이앤티
KR7017550005,17550,수산중공업보통주,수산중공업
KR7084180009,84180,수성이노베이션,수성이노베이션
KR7253840003,253840,수젠텍,수젠텍
KR7236200002,236200,슈프리마,슈프리마
KR7317770006,317770,슈프리마아이디,슈프리마아이디
KR7094840006,94840,슈프리마에이치큐,슈프리마에이치큐
KR7192440006,192440,슈피겐코리아,슈피겐코리아
KR7099440000,99440,스맥,스맥
KR7033790007,33790,스카이문스테크놀로지,스카이문스테크놀로지
KR7276040003,276040,스코넥엔터테인먼트,스코넥
KR7159910009,159910,스킨앤스킨,스킨앤스킨
KR7115570004,115570,스타플렉스,스타플렉스
KR7258540004,258540,스템랩,스템랩
KR7330730003,330730,스톤브릿지벤처스,스톤브릿지벤처스
KR7204630008,204630,스튜디오 산타클로스 엔터테인먼트,스튜디오산타클로스
KR7253450001,253450,스튜디오드래곤 주식회사,스튜디오드래곤
KR7026890004,26890,스틱인베스트먼트보통주,스틱인베스트먼트
KR7013810007,13810,스페코,스페코
KR7039670005,39670,스포츠서울,스포츠서울
KR7049830003,49830,승일,승일
KR7020710000,20710,시공테크,시공테크
KR7033170002,33170,시그네틱스,시그네틱스
KR7260870001,260870,시그넷이브이,시그넷이브이
KR7048870000,48870,시너지이노베이션,시너지이노베이션
KR7025320003,25320,시노펙스,시노펙스
KR7134790005,134790,시디즈보통주,시디즈
KR7269620001,269620,시스웍,시스웍
KR7131090003,131090,시큐브,시큐브
KR7232830000,232830,시큐센,시큐센
KR7139050009,139050,시티랩스,시티랩스
KR7016590002,16590,신대양제지보통주,신대양제지
KR7290520006,290520,신도기연,신도기연
KR7029530003,29530,신도리코보통주,신도리코
KR7004970000,4970,신라교역보통주,신라교역
KR7001000009,1000,신라섬유,신라섬유
KR7025870007,25870,신라에스지,신라에스지
KR7215600008,215600,신라젠,신라젠
KR7065350001,65350,신성델타테크,신성델타테크
KR7011930005,11930,신성이엔지보통주,신성이엔지
KR7005390000,5390,신성통상보통주,신성통상
KR7034300004,34300,신세계건설,신세계건설
KR7004170007,4170,신세계보통주,신세계
KR7035510007,35510,신세계아이앤씨 보통주,신세계 I&C
KR7031430002,31430,신세계인터내셔날보통주,신세계인터내셔날
KR7031440001,31440,신세계푸드보통주,신세계푸드
KR7006880009,6880,신송홀딩스보통주,신송홀딩스
KR7002800001,2800,신신제약,신신제약
KR7005800008,5800,신영와코루보통주,신영와코루
KR7001721000,1725,신영증권1우선주,신영증권우
KR7001720002,1720,신영증권보통주,신영증권
KR7323280008,323280,신영해피투모로우제5호기업인수목적,신영스팩5호
KR7344050000,344050,신영해피투모로우제6호기업인수목적,신영스팩6호
KR7009271008,9275,신원1우선주,신원우
KR7009270000,9270,신원보통주,신원
KR7017000001,17000,신원종합개발,신원종합개발
KR7002700003,2700,신일전자보통주,신일전자
KR7012790002,12790,신일제약,신일제약
KR7138070008,138070,신진에스엠,신진에스엠
KR7226330009,226330,신테카바이오,신테카바이오
KR7019171008,19175,신풍제약1우선주,신풍제약우
KR7019170000,19170,신풍제약보통주,신풍제약
KR7002870004,2870,신풍제지보통주,신풍제지
KR7055550008,55550,신한금융지주회사보통주,신한지주
KR7404990004,404990,신한서부티엔디리츠보통주,신한서부티엔디리츠
KR7293940003,293940,신한알파리츠보통주,신한알파리츠
KR7333050003,333050,신한제6호기업인수목적,신한제6호스팩
KR7366330009,366330,신한제7호기업인수목적,신한제7호스팩
KR7393360003,393360,신한제8호기업인수목적,신한제8호스팩
KR7056700008,56700,신화인터텍,신화인터텍
KR7187270004,187270,신화콘텍,신화콘텍
KR7004080008,4080,신흥보통주,신흥
KR7243840006,243840,신흥에스이씨,신흥에스이씨
KR7257720003,257720,실리콘투,실리콘투
KR7222800005,222800,심텍,심텍
KR7036710002,36710,심텍홀딩스,심텍홀딩스
KR7160980009,160980,싸이맥스,싸이맥스
KR7356890004,356890,싸이버원,싸이버원
KR7217330000,217330,싸이토젠,싸이토젠
KR7102280005,102280,쌍방울,쌍방울
KR7003410008,3410,쌍용C&E보통주,쌍용C&E
KR7003620002,3620,쌍용자동차보통주,쌍용차
KR7010280006,10280,쌍용정보통신,쌍용정보통신
KR7004770004,4770,써니전자보통주,써니전자
KR7217320001,217320,썬테크,썬테크
KR7208640003,208640,썸에이지,썸에이지
KR7222420002,222420,쎄노텍,쎄노텍
KR7037760006,37760,쎄니트,쎄니트
KR7099320004,99320,쎄트렉아이,쎄트렉아이
KR7015540008,15540,쎌마테라퓨틱스보통주,쎌마테라퓨틱스
KR7049960008,49960,쎌바이오텍,쎌바이오텍
KR7050890003,50890,쏠리드,쏠리드
KR7013720008,13720,씨비아이,CBI
KR7066790007,66790,씨씨에스충북방송,씨씨에스
KR7222080004,222080,씨아이에스,씨아이에스
KR7004920005,4920,씨아이테크보통주,씨아이테크
KR7236030003,236030,씨알푸드,씨알푸드
KR7103660007,103660,씨앗,씨앗
KR7352480008,352480,씨앤씨인터내셔널,씨앤씨인터내셔널
KR7245450002,245450,씨앤에스링크,씨앤에스링크
KR7023460009,23460,씨앤에이치,CNH
KR7264660002,264660,씨앤지하이테크,씨앤지하이테크
KR7352700009,352700,씨앤투스성진,씨앤투스성진
KR7056730005,56730,씨앤티85,CNT85
KR7065770000,65770,씨에스,CS
KR7297090003,297090,씨에스베어링,씨에스베어링
KR7083660001,83660,씨에스에이코스믹,CSA 코스믹
KR7112610001,112610,씨에스윈드보통주,씨에스윈드
KR7359090008,359090,씨엔알리서치,씨엔알리서치
KR7286000005,286000,씨엔티드림,씨엔티드림
KR7115530008,115530,씨엔플러스,씨엔플러스
KR7225330000,225330,씨엠에스에듀,씨엠에스에듀
KR7056000003,56000,씨오더블유오엔,COWON
KR7115480006,115480,씨유메디칼시스템,씨유메디칼
KR7376290003,376290,씨유테크,씨유테크
KR7189330004,189330,씨이랩,씨이랩
KR7000120006,120,씨제이대한통운보통주,CJ대한통운
KR7311690002,311690,씨제이바이오사이언스,CJ 바이오사이언스
KR7079160008,79160,씨제이씨지브이 보통주,CJ CGV
KR7035760008,35760,씨제이이엔엠,CJ ENM
KR7097951008,97955,씨제이제일제당 주식회사 1우선주,CJ제일제당 우
KR7097950000,97950,씨제이제일제당 주식회사 보통주,CJ제일제당
KR7051500007,51500,씨제이프레시웨이,CJ프레시웨이
KR7096530001,96530,씨젠,씨젠
KYG2114A1094,900120,씨케이에이치푸드앤헬스리미티드,씨케이에이치
KR7101240000,101240,씨큐브,씨큐브
KR7060590007,60590,씨티씨바이오,씨티씨바이오
KR7260930003,260930,씨티케이,씨티케이
KR7013990007,13990,아가방앤컴퍼니,아가방컴퍼니
KR7123860009,123860,아나패스,아나패스
KR7025980004,25980,아난티,아난티
KR7008700007,8700,아남전자보통주,아남전자
KR7050320001,50320,아래스,아래스
KR7058220005,58220,아리온테크놀로지,아리온
KR7125210005,125210,아모그린텍,아모그린텍
KR7002791002,2795,아모레G1우선주,아모레G우
KR700279K010,00279K,아모레G3우선주(전환),아모레G3우(전환)
KR7002790004,2790,아모레G보통주,아모레G
KR7090431008,90435,아모레퍼시픽 1우선주,아모레퍼시픽우
KR7090430000,90430,아모레퍼시픽 보통주,아모레퍼시픽
KR7052710001,52710,아모텍,아모텍
KR7074430000,74430,아미노로직스,아미노로직스
KR7092040005,92040,아미코젠,아미코젠
KR7083930008,83930,아바코,아바코
KR7149950008,149950,아바텍,아바텍
KR7036010007,36010,아비코전자,아비코전자
KR7002030005,2030,아세아보통주,아세아
KR7183190008,183190,아세아시멘트보통주,아세아시멘트
KR7002310001,2310,아세아제지보통주,아세아제지
KR7050860006,50860,아세아텍,아세아텍
KR7012170007,12170,아센디오보통주,아센디오
KR7136410008,136410,아셈스,아셈스
KR7246720007,246720,아스타,아스타
KR7067390005,67390,아스트,아스트
KR7159010008,159010,아스플로,아스플로
KR7127710002,127710,아시아경제,아시아경제
KR7267850006,267850,아시아나IDT보통주,아시아나IDT
KR7020560009,20560,아시아나항공 보통주,아시아나항공
KR7227610003,227610,아우딘퓨쳐스,아우딘퓨쳐스
KR7143160000,143160,아이디스,아이디스
KR7054800008,54800,아이디스홀딩스,아이디스홀딩스
KR7332370006,332370,아이디피,아이디피
KR7122900004,122900,아이마켓코리아보통주,아이마켓코리아
KR7339950008,339950,아이비김영,아이비김영
KR7335870002,335870,아이비케이에스제12호기업인수목적,IBKS제12호스팩
KR7351340005,351340,아이비케이에스제13호기업인수목적,IBKS제13호스팩
KR7388790008,388790,아이비케이에스제16호기업인수목적,IBKS제16호스팩
KR7405350000,405350,아이비케이에스제17호기업인수목적,IBKS제17호스팩
KR7099190001,99190,아이센스,아이센스
KR7289010001,289010,아이스크림에듀,아이스크림에듀
KR7214430001,214430,아이쓰리시스템,아이쓰리시스템
KR7040910002,40910,아이씨디,아이씨디
KR7068940006,68940,아이씨케이,아이씨케이
KR7052860004,52860,아이앤씨테크놀로지,아이앤씨
KR7010780005,10780,아이에스동서보통주,아이에스동서
KR7095340006,95340,아이에스시,ISC
KR7069920007,69920,아이에스이커머스,아이에스이커머스
KR7038880001,38880,아이에이,아이에이
KR7307180000,307180,아이엘사이언스,아이엘사이언스
KR7101390003,101390,아이엠,아이엠
KR7052220001,52220,아이엠비씨,iMBC
KR7078860004,78860,아이오케이컴퍼니,아이오케이
KR7114810005,114810,아이원스,아이원스
KR7090150004,90150,아이윈,아이윈
KR7031310006,31310,아이즈비전,아이즈비전
KR7185490000,185490,아이진,아이진
KR7059100008,59100,아이컴포넌트,아이컴포넌트
KR7149010001,149010,아이케이세미콘,아이케이세미콘
KR7262840002,262840,아이퀘스트,아이퀘스트
KR7175250000,175250,아이큐어,아이큐어
KR7052460003,52460,아이크래프트,아이크래프트
KR7119830008,119830,아이텍,아이텍
KR7052770005,52770,아이톡시,아이톡시
KR7124500000,124500,아이티센,아이티센
KR7372800003,372800,아이티아이즈,아이티아이즈
KR7099520009,99520,아이티엑스에이아이,ITX-AI
KR7084850007,84850,아이티엠반도체,아이티엠반도체
KR7114840002,114840,아이패밀리에스씨,아이패밀리에스씨
KR7139990006,139990,아주스틸보통주,아주스틸
KR7027360007,27360,아주아이비투자,아주IB투자
KR7032080004,32080,아즈텍더블유비이,아즈텍WB
KR7013310008,13310,아진산업,아진산업
KR7059120006,59120,아진엑스텍,아진엑스텍
KR7158430009,158430,아톤,아톤
KR7149300006,149300,아퓨어스,아퓨어스
KR7067160002,67160,아프리카티비,아프리카TV
KR7001540004,1540,안국약품,안국약품
KR7053800009,53800,안랩,안랩
KR7251280004,251280,안지오랩,안지오랩
KR7065660003,65660,안트로젠,안트로젠
KR7297570004,297570,알로이스,알로이스
KR7001780006,1780,알루코 보통주,알루코
KR7260660006,260660,알리코제약,알리코제약
KR7361570005,361570,알비더블유,알비더블유
KR7131370009,131370,알서포트,알서포트
KR7140670001,140670,알에스오토메이션,알에스오토메이션
KR7327260006,327260,알에프머트리얼즈,RF머트리얼즈
KR7096610001,96610,알에프세미,알에프세미
KR7218410009,218410,알에프에이치아이씨,RFHIC
KR7061040002,61040,알에프텍,알에프텍
KR7148250004,148250,알엔투테크놀로지,알엔투테크놀로지
KR7347860009,347860,알체라,알체라
KR7196170005,196170,알테오젠,알테오젠
KR7123750002,123750,알톤스포츠,알톤스포츠
KR7085810000,85810,알티캐스트,알티캐스트
KR7117670000,117670,알파홀딩스,알파홀딩스
KR7291650000,291650,압타머사이언스,압타머사이언스
KR7293780003,293780,압타바이오,압타바이오
KR7267810000,267810,앙츠,앙츠
KR7018250001,18250,애경산업보통주,애경산업
KR7161000005,161000,애경케미칼보통주,애경케미칼
KR7196300008,196300,애니젠,애니젠
KR7310200001,310200,애니플러스,애니플러스
KR7179530001,179530,애드바이오텍,애드바이오텍
USU652221081,900100,애머릿지코퍼레이션,애머릿지
KR7205500002,205500,액션스퀘어,액션스퀘어
KR7052790003,52790,액토즈소프트,액토즈소프트
KR7290740000,290740,액트로,액트로
KR7238090005,238090,앤디포스,앤디포스
KR7092600006,92600,앤씨앤,앤씨앤
KR7129890000,129890,앱코,앱코
KR7174900001,174900,앱클론 주식회사,앱클론
KR7255440000,255440,야스,야스
KR7060230000,60230,얍엑스,얍엑스
KR7030960009,30960,양지사,양지사
KR7102120003,102120,어보브반도체,어보브반도체
KR7238120000,238120,얼라인드제네틱스,얼라인드
KR7224810002,224810,엄지하우스,엄지하우스
KR7019990001,19990,에너토크,에너토크
KR7011090008,11090,에넥스보통주,에넥스
KR7136510005,136510,에디슨이브이,에디슨EV
KR7270660004,270660,에브리봇 주식회사,에브리봇
KR7038680005,38680,에스넷시스템,에스넷
KR7137310009,137310,에스디바이오센서보통주,에스디바이오센서
KR7217480003,217480,에스디생명공학,에스디생명공학
KR7121890008,121890,에스디시스템,에스디시스템
KR7099220006,99220,에스디엔,SDN
KR7097780001,97780,에스맥,에스맥
KR7289080004,289080,에스브이인베스트먼트,SV인베스트먼트
KR7019550003,19550,에스비아이인베스트먼트,SBI인베스트먼트
KR7034120006,34120,에스비에스보통주,SBS
KR7046140000,46140,에스비에스콘텐츠허브,SBS콘텐츠허브
KR7042110007,42110,에스씨디,에스씨디
KR7036120004,36120,에스씨아이평가정보,SCI평가정보
KR7298060005,298060,에스씨엠생명과학,에스씨엠생명과학
KR7065420002,65420,에스아이리소스,에스아이리소스
KR7270210008,270210,에스알바이오텍,에스알바이오텍
KR7103230009,103230,에스앤더블류,에스앤더블류
KR7260970009,260970,에스앤디,에스앤디
KR7101490001,101490,에스앤에스텍,에스앤에스텍
KR8392100002,950180,에스앤케이,SNK
KR7095910006,95910,에스에너지,에스에너지
KR7275630002,275630,에스에스알,에스에스알
KR7031330004,31330,에스에이엠티,에스에이엠티
KR7060540002,60540,에스에이티,에스에이티
KR7351320007,351320,에스에이티,에스에이티이엔지
KR7056190002,56190,에스에프에이,에스에프에이
KR7036540003,36540,에스에프에이반도체,SFA반도체
KR7080000003,80000,에스엔유프리시젼,에스엔유
KR7091340000,91340,에스엔케이폴리텍,S&K폴리텍
KR7214310005,214310,에스엘바이오닉스,에스엘바이오닉스
KR7005850003,5850,에스엘보통주,에스엘
KR7246250005,246250,에스엘에스바이오,에스엘에스바이오
KR7063440002,63440,에스엠라이프디자인그룹,SM Life Design
KR7299670000,299670,에스엠비나,에스엠비나
KR7041510009,41510,에스엠엔터테인먼트,에스엠
KR7048550008,48550,에스엠컬처앤콘텐츠,SM C&C
KR7007820004,7820,에스엠코어,에스엠코어
KR7109610006,109610,에스와이,에스와이
KR7012750006,12750,에스원보통주,에스원
KR7306040007,306040,에스제이그룹,에스제이그룹
KR7217910009,217910,에스제이켐,에스제이켐
KR7004060000,4060,에스지세계물산보통주,SG세계물산
KR7016250003,16250,에스지씨이테크건설,SGC이테크건설
KR7049470008,49470,에스지에이,SGA
KR7184230001,184230,에스지에이 솔루션즈,SGA솔루션즈
KR7040610008,40610,에스지엔지,SG&G
KR7255220006,255220,에스지이,SG
KR7006121008,6125,에스케이디스커버리1우선주,SK디스커버리우
KR7006120000,6120,에스케이디스커버리보통주,SK디스커버리
KR7068400001,68400,에스케이렌터카보통주,SK렌터카
KR7302440003,302440,에스케이바이오사이언스보통주,SK바이오사이언스
KR7326030004,326030,에스케이바이오팜보통주,SK바이오팜
KR7224020008,224020,에스케이씨에스,에스케이씨에스
KR7337450001,337450,에스케이제5호기업인수목적,SK5호스팩
KR7340350008,340350,에스케이제6호기업인수목적,SK6호스팩
KR7000660001,660,에스케이하이닉스보통주,SK하이닉스
KR7096630009,96630,에스코넥,에스코넥
KR7069510006,69510,에스텍,에스텍
KR7041910001,41910,에스텍파마,에스텍파마
KR7234300002,234300,에스트래픽,에스트래픽
KR7039440003,39440,에스티아이,에스티아이
KR7098660004,98660,에스티오,에스티오
KR7052020005,52020,에스티큐브,에스티큐브
KR7237690003,237690,에스티팜,에스티팜
KR7050760008,50760,에스폴리텍,에스폴리텍
KR7288620008,288620,에스퓨얼셀,에스퓨얼셀
KR7317830008,317830,에스피시스템스,에스피시스템스
KR7058610007,58610,에스피지,에스피지
KR7043340009,43340,에쎈테크,에쎈테크
KR7023960008,23960,에쓰씨엔지니어링보통주,에쓰씨엔지니어링
KR7298690009,298690,에어부산보통주,에어부산
KR7187660006,187660,에이디엠코리아,에이디엠코리아
KR7054630009,54630,에이디칩스,에이디칩스
KR7200710002,200710,에이디테크놀로지,에이디테크놀로지
KR7096690003,96690,에이루트,에이루트
KR7078520004,78520,에이블씨엔씨보통주,에이블씨엔씨
KR7298380007,298380,에이비엘바이오,에이비엘바이오
KR7203400007,203400,에이비온,에이비온
KR7195990007,195990,에이비프로바이오,에이비프로바이오
KR7003800000,3800,에이스침대,에이스침대
KR7088800008,88800,에이스테크놀로지,에이스테크
KR7241840008,241840,에이스토리,에이스토리
KR7312610009,312610,에이에프더블류,에이에프더블류
KR7015260003,15260,에이엔피보통주,에이엔피
KR7234070001,234070,에이원알폼,에이원알폼
KR7140910001,140910,에이자기관리부동산투자회사보통주,에이리츠
KR7039570007,39570,에이치디씨랩스보통주,HDC랩스
KR7089470009,89470,에이치디씨현대이피보통주,HDC현대EP
KR7297890006,297890,에이치비솔루션,HB솔루션
KR7078150000,78150,에이치비테크놀러지,HB테크놀러지
KR7072990005,72990,에이치시티,에이치시티
KR7036640001,36640,에이치알에스,HRS
KR7227100005,227100,에이치앤비디자인,에이치앤비디자인
KR7082740002,82740,에이치에스디엔진보통주,HSD엔진
KR7044990000,44990,에이치엔에스하이텍,에이치엔에스하이텍
KR7176440006,176440,에이치엔티일렉트로닉스,에이치엔티
KR7028300002,28300,에이치엘비,HLB
KR7067630004,67630,에이치엘비생명과학,HLB생명과학
KR7047920004,47920,에이치엘비제약,HLB제약
KR7115450009,115450,에이치엘비테라퓨틱스,HLB테라퓨틱스
KR7043220003,43220,에이치엘비파워,에이치엘비파워
KR7239610009,239610,에이치엘사이언스,에이치엘사이언스
KR7353070006,353070,에이치엠씨아이비제4호기업인수목적,에이치엠씨제4호스팩
KR7353060007,353060,에이치엠씨아이비제5호기업인수목적,에이치엠씨제5호스팩
KR7011200003,11200,에이치엠엠보통주,HMM
KR7044780005,44780,에이치케이,에이치케이
KR7195940002,195940,에이치케이이노엔,HK이노엔
KR7357230002,357230,에이치피오,에이치피오
KR7071670004,71670,에이테크솔루션,에이테크솔루션
KR7045660008,45660,에이텍,에이텍
KR7224110007,224110,에이텍티앤,에이텍티앤
KR7230980005,230980,에이트원,에이트원
KR7021080007,21080,에이티넘인베스트먼트,에이티넘인베스트
KR7089530000,89530,에이티세미콘,에이티세미콘
KR7200470003,200470,에이팩트,에이팩트
KR7207490004,207490,에이펙스인텍,에이펙스인텍
KR7262260003,262260,에이프로,에이프로
KR7007460009,7460,에이프로젠메디신보통주,에이프로젠 MED
KR7003060001,3060,에이프로젠제약보통주,에이프로젠제약
KR7109960005,109960,에이프로젠헬스케어앤게임즈,에이프로젠 H&G
KR7244920005,244920,에이플러스에셋보통주,에이플러스에셋
KR7265520007,265520,에이피시스템,AP시스템
KR7054620000,54620,에이피에스홀딩스,APS홀딩스
KR7211270004,211270,에이피위성,AP위성
KR7089970008,89970,에이피티씨,에이피티씨
KR7230240004,230240,에치에프알,에치에프알
KR7230360000,230360,에코마케팅,에코마케팅
KR7038870002,38870,에코바이오홀딩스,에코바이오
KR7128540002,128540,에코캡,에코캡
KR7086520004,86520,에코프로,에코프로
KR7247540008,247540,에코프로비엠,에코프로비엠
KR7383310000,383310,에코프로에이치엔,에코프로에이치엔
KR7038110003,38110,에코플라스틱,에코플라스틱
KR7073540007,73540,에프알텍,에프알텍
KR7064850001,64850,에프앤가이드,에프앤가이드
KR7064090004,64090,에프앤리퍼블릭,에프앤리퍼블릭
KR7214270001,214270,에프에스엔,FSN
KR7036810000,36810,에프에스티,에프에스티
KR7173940008,173940,에프엔씨엔터테인먼트,에프엔씨엔터
KR7083500009,83500,에프엔에스테크,에프엔에스테크
KR7054940002,54940,엑사이엔씨,엑사이엔씨
KR8840090003,950130,엑세스바이오,엑세스바이오
KR7205100001,205100,엑셈,엑셈
KR7070300009,70300,엑스큐어,엑스큐어
KR7092870005,92870,엑시콘,엑시콘
KR7317870004,317870,엔바이오니아,엔바이오니아
KR7067570002,67570,엔브이에이치코리아,엔브이에이치코리아
KR7236810008,236810,엔비티,엔비티
KR7140610007,140610,엔솔바이오사이언스,엔솔바이오사이언스
KR7333620003,333620,엔시스,엔시스
KR7101400000,101400,엔시트론,엔시트론
KR7036570000,36570,엔씨소프트보통주,엔씨소프트
KR7217820000,217820,엔에스,엔에스
KR7138250006,138250,엔에스쇼핑보통주,엔에스쇼핑
KR7031860000,31860,엔에스엔,엔에스엔
KR7238170005,238170,엔에스엠,엔에스엠
KR7224760009,224760,엔에스컴퍼니,엔에스컴퍼니
KR7365590009,365590,엔에이치기업인수목적18호,엔에이치스팩18호
KR7380440008,380440,엔에이치기업인수목적19호보통주,엔에이치스팩19호
KR7391060001,391060,엔에이치기업인수목적20호,엔에이치스팩20호
KR7391710001,391710,엔에이치기업인수목적21호,엔에이치스팩21호
KR7396770000,396770,엔에이치기업인수목적22호,엔에이치스팩22호
KR7104200001,104200,엔에이치엔벅스,NHN벅스
KR7060250008,60250,엔에이치엔한국사이버결제,NHN한국사이버결제
KR7400760005,400760,엔에이치올원리츠보통주,NH올원리츠
KR7005941000,5945,엔에이치투자증권1우선주,NH투자증권우
KR7005940002,5940,엔에이치투자증권보통주,NH투자증권
KR7265740001,265740,엔에프씨,엔에프씨
KR7053290003,53290,엔이능률,NE능률
KR7354200008,354200,엔젠바이오,엔젠바이오
KR7093510006,93510,엔지브이아이,엔지브이아이
KR7208860007,208860,엔지스테크널러지,엔지스테크널러지
KR7183490002,183490,엔지켐생명과학,엔지켐생명과학
KR7085310001,85310,엔케이 보통주,엔케이
KR7182400002,182400,엔케이맥스,엔케이맥스
KR7348370008,348370,엔켐,엔켐
KR7069410009,69410,엔텔스,엔텔스
KR7227950003,227950,엔투텍,엔투텍
KR7291230001,291230,엔피,엔피
KR7198080004,198080,엔피디,엔피디
KR7048830004,48830,엔피케이,엔피케이
KR7096870001,96870,엘디티,엘디티
KR7276240009,276240,엘리비젼,엘리비젼
KYG5307W1015,900140,엘브이엠씨홀딩스보통주,엘브이엠씨홀딩스
KR7376190005,376190,엘비루셈,엘비루셈
KR7061970000,61970,엘비세미콘,엘비세미콘
KR7138690003,138690,엘아이에스,엘아이에스
KR7290650001,290650,엘앤씨바이오,엘앤씨바이오
KR7066970005,66970,엘앤에프,엘앤에프
KR7156100000,156100,엘앤케이바이오메드,엘앤케이바이오
KR7229640008,229640,엘에스전선아시아보통주,LS전선아시아
KR7311060008,311060,엘에이티,엘에이티
KR7108320003,108320,엘엑스세미콘,LX세미콘
KR7108671009,108675,엘엑스하우시스1우선주,LX하우시스우
KR7108670001,108670,엘엑스하우시스보통주,LX하우시스
KR738380K012,38380K,엘엑스홀딩스1우선주,LX홀딩스1우
KR7383800000,383800,엘엑스홀딩스보통주,LX홀딩스
KR7073110009,73110,엘엠에스,엘엠에스
KR7083310003,83310,엘오티베큠,엘오티베큠
KR7037560000,37560,엘지헬로비전보통주,LG헬로비전
KR7037950003,37950,엘컴텍,엘컴텍
KR7170920003,170920,엘티씨,엘티씨
KR7058630005,58630,엠게임,엠게임
KR7058970005,58970,엠로,엠로
KR7019590009,19590,엠벤처투자,엠벤처투자
KR7097520001,97520,엠씨넥스보통주,엠씨넥스
KR7179290002,179290,엠아이텍,엠아이텍
KR7225860006,225860,엠앤씨생명과학,엠앤씨생명과학
KR7009780008,9780,엠에스씨,엠에스씨
KR7123040008,123040,엠에스오토텍,엠에스오토텍
KR7323230003,323230,엠에프엠코리아,엠에프엠코리아
KR7033160003,33160,엠케이전자,엠케이전자
KR7347890006,347890,엠투아이코퍼레이션,엠투아이
KR7033310004,33310,엠투엔,엠투엔
KR7259630002,259630,엠플러스,엠플러스
KR7065150005,65150,엠피대산,엠피대산
KR7115960007,115960,연우,연우
KR7090740002,90740,연이비앤티,연이비앤티
KR7060850005,60850,영림원소프트랩,영림원소프트랩
KR7014440002,14440,영보화학보통주,영보화학
KR7007530009,7530,영신금속공업,영신금속
KR7143540003,143540,영우디에스피,영우디에스피
KR7111770004,111770,영원무역보통주,영원무역
KR7009970005,9970,영원무역홀딩스보통주,영원무역홀딩스
KR7003520004,3520,영진약품보통주,영진약품
KR7000670000,670,영풍보통주,영풍
KR7036560001,36560,영풍정밀,영풍정밀
KR7006740005,6740,영풍제지보통주,영풍제지
KR7012280004,12280,영화금속보통주,영화금속
KR7265560003,265560,영화테크,영화테크
KR7012160008,12160,영흥보통주,영흥
KR7036000008,36000,예림당,예림당
KR7250930005,250930,예선테크,예선테크
KR7053280004,53280,예스이십사,예스24
KR7015360001,15360,예스코홀딩스보통주,예스코홀딩스
KR7122640006,122640,예스티,예스티
KR7403360001,403360,예스피치,예스피치
HK0000312568,900300,오가닉티코스메틱스홀딩스컴퍼니리미티드,오가닉티코스메틱
KR7045060001,45060,오공,오공
KR7080520000,80520,오디텍,오디텍
KR7007310006,7310,오뚜기보통주,오뚜기
KR7039830005,39830,오로라월드,오로라
KR7322310004,322310,오로스테크놀로지,오로스테크놀로지
KR7046120002,46120,오르비텍,오르비텍
KR7014940001,14940,오리엔탈정공,오리엔탈정공
KR7002630002,2630,오리엔트바이오보통주,오리엔트바이오
KR7065500001,65500,오리엔트정공,오리엔트정공
KR7271560005,271560,오리온보통주,오리온
KR7001800002,1800,오리온홀딩스보통주,오리온홀딩스
KR7010470003,10470,오리콤,오리콤
KR7352910004,352910,오비고,오비고
KR7053980009,53980,오상자이엘,오상자이엘
KR7052420007,52420,오성첨단소재,오성첨단소재
KR7241790005,241790,오션브릿지,오션브릿지
KR7329020002,329020,오션스톤,오션스톤
KR7039200001,39200,오스코텍,오스코텍
KR7031510001,31510,오스템,오스템
KR7048260004,48260,오스템임플란트,오스템임플란트
KR7138080007,138080,오이솔루션,오이솔루션
KR7080580004,80580,오킨스전자,오킨스전자
KR7067170001,67170,오텍,오텍
KR7353590003,353590,오토앤,오토앤
KR7173130006,173130,오파스넷,오파스넷
KR7049480007,49480,오픈베이스,오픈베이스
KR7309930006,309930,오하임아이엔티,오하임아이엔티
KR7244460002,244460,올리패스,올리패스
KR7226950004,226950,올릭스,올릭스
KR7057540007,57540,옴니시스템,옴니시스템
KR7082210006,82210,옵트론텍,옵트론텍
KR7109080002,109080,옵티시스,옵티시스
KR7153710009,153710,옵티팜,옵티팜
KR7051390003,51390,와이더블유,YW
KR7321820003,321820,와이더플래닛,와이더플래닛
KR7057030009,57030,와이비엠넷,YBM넷
KR7122990005,122990,와이솔,와이솔
KR7232140004,232140,와이아이케이,와이아이케이
KR7065530008,65530,와이어블,와이어블
KR7067900001,67900,와이엔텍,와이엔텍
KR7155650005,155650,와이엠씨,와이엠씨
KR7273640003,273640,와이엠텍,와이엠텍
KR7251370003,251370,와이엠티,와이엠티
KR7066430000,66430,와이오엠,와이오엠
KR7193250008,193250,와이제이엠게임즈,와이제이엠게임즈
KR7273060004,273060,와이즈버즈,와이즈버즈
KR7019210004,19210,와이지-원,와이지-원
KR7122870009,122870,와이지엔터테인먼트,와이지엔터테인먼트
KR7037270006,37270,와이지플러스보통주,YG PLUS
KR7011690005,11690,와이투솔루션보통주,와이투솔루션
KR7040300006,40300,와이티엔,YTN
KR7332570001,332570,와이팜,와이팜
KR7079000006,79000,와토스 코리아,와토스코리아
KR7316140003,316140,우리금융지주보통주,우리금융지주
KR7032820003,32820,우리기술,우리기술
KR7041190000,41190,우리기술투자,우리기술투자
KR7115440000,115440,우리넷,우리넷
KR7118000009,118000,우리들휴브레인보통주,우리들휴브레인
KR7046970000,46970,우리로,우리로
KR7082850009,82850,우리바이오,우리바이오
KR7215360009,215360,우리산업,우리산업
KR7072470008,72470,우리산업홀딩스,우리산업홀딩스
KR7073560005,73560,우리손에프앤지 농업회사법인,우리손에프앤지
KR7153490008,153490,우리이앤엘,우리이앤엘
KR7037400009,37400,우리조명,우리조명
KR7010050003,10050,우리종합금융보통주,우리종금
KR7101170009,101170,우림피티에스,우림피티에스
KR7006980007,6980,우성보통주,우성
KR7066590001,66590,우수AMS,우수AMS
KR7017370008,17370,우신시스템보통주,우신시스템
KR7103840005,103840,우양,우양
KR7046940003,46940,우원개발,우원개발
KR7215380007,215380,우정바이오,우정바이오
KR7065680001,65680,우주일렉트로닉스,우주일렉트로
KR7105840003,105840,우진보통주,우진
KR7018620005,18620,우진비앤지,우진비앤지
KR7010400000,10400,우진아이엔에스보통주,우진아이엔에스
KR7049800006,49800,우진플라임 보통주,우진플라임
KR7016880007,16880,웅진보통주,웅진
KR7095720009,95720,웅진씽크빅 보통주,웅진씽크빅
KR7005820006,5820,원림보통주,원림
KR7307280008,307280,원바이오젠,원바이오젠
KR7053080008,53080,원방테크,원방테크
KR7032940009,32940,원익,원익
KR7104830005,104830,원익머트리얼즈,원익머트리얼즈
KR7240810002,240810,원익아이피에스,원익IPS
KR7014190003,14190,원익큐브,원익큐브
KR7074600008,74600,원익큐엔씨,원익QnC
KR7131390007,131390,원익피앤이,원익피앤이
KR7030530000,30530,원익홀딩스,원익홀딩스
KR7012620001,12620,원일특강,원일특강
KR7382840007,382840,원준,원준
KR7216280008,216280,원텍,원텍
KR7376980009,376980,원티드랩,원티드랩
KR7122830003,122830,원포유,원포유
KR7008370009,8370,원풍,원풍
KR7008290009,8290,원풍물산,원풍물산
KR7101160000,101160,월덱스,월덱스
KR7095270005,95270,웨이브일렉트로닉스,웨이브일렉트로
KR7010600005,10600,웰바이오텍보통주,웰바이오텍
KR7065950008,65950,웰크론,웰크론
KR7076080001,76080,웰크론한텍,웰크론한텍
KR7196700009,196700,웹스,웹스
KR7069080000,69080,웹젠,웹젠
KR7053580007,53580,웹케시,웹케시
KR7071460000,71460,위니아딤채,위니아딤채
KR7044340008,44340,위닉스,위닉스
KR7330350000,330350,위더스제약,위더스제약
KR7348350000,348350,위드텍,위드텍
KR7112040001,112040,위메이드,위메이드
KR7101730000,101730,위메이드맥스,위메이드맥스
KR7065370009,65370,위세아이텍,위세아이텍
KR7140660002,140660,위월드 주식회사,위월드
KR7038620001,38620,위즈코프,위즈코프
KR7299900001,299900,위지윅스튜디오,위지윅스튜디오
KR7036090009,36090,위지트,위지트
KR7136540002,136540,윈스,윈스
KR7320000003,320000,윈텍,윈텍
KR7097800007,97800,윈팩,윈팩
KR7192390003,192390,윈하이텍,윈하이텍
KR7313760001,313760,윌링스,윌링스
KR7008600009,8600,윌비스보통주,윌비스
HK0000449303,900340,윙입푸드홀딩스,윙입푸드
KR7064510001,64510,유네코,유네코
KR7014830004,14830,유니드 보통주,유니드
KR7036200004,36200,유니셈,유니셈
KR7018000000,18000,유니슨,유니슨
KR7047400007,47400,유니온머티리얼보통주,유니온머티리얼
KR7000910000,910,유니온보통주,유니온
KR7203450002,203450,유니온커뮤니티,유니온커뮤니티
KR7011330008,11330,유니켐보통주,유니켐
KR7077500007,77500,유니퀘스트 보통주,유니퀘스트
KR7011320009,11320,유니크,유니크
KR7086390002,86390,유니테스트,유니테스트
KR7241690007,241690,유니테크노,유니테크노
KR7142210004,142210,유니트론텍,유니트론텍
KR7121060008,121060,유니포인트,유니포인트
KR7048430003,48430,유라테크,유라테크
KR7206650004,206650,유바이오로직스,유바이오로직스
KR7089850002,89850,유비벨록스,유비벨록스
KR7032620007,32620,유비케어,유비케어
KR7264450008,264450,유비쿼스,유비쿼스
KR7078070000,78070,유비쿼스홀딩스,유비쿼스홀딩스
KR7002920007,2920,유성기업보통주,유성기업
KR7024800005,24800,유성티엔에스,유성티엔에스
KR7000700005,700,유수홀딩스보통주,유수홀딩스
KR7054930003,54930,유신,유신
KR7038340006,38340,유씨아이,UCI
KR7069330009,69330,유아이디,유아이디
KR7049520000,49520,유아이엘,유아이엘
KR7336060009,336060,유안타제5호기업인수목적,유안타제5호스팩
KR7367460003,367460,유안타제7호기업인수목적,유안타제7호스팩
KR7367480001,367480,유안타제8호기업인수목적,유안타제8호스팩
KR7003471000,3475,유안타증권1우선주,유안타증권우
KR7003470002,3470,유안타증권보통주,유안타증권
KR7056090004,56090,유앤아이,유앤아이
KR7263770000,263770,유에스티,유에스티
KR7337840003,337840,유엑스엔,유엑스엔
KR7072130008,72130,유엔젤보통주,유엔젤
KR7000221002,225,유유제약1우선주,유유제약1우
KR7000222000,227,유유제약2우선주(신형),유유제약2우B
KR7000220004,220,유유제약보통주,유유제약
KR7340930007,340930,유일에너테크,유일에너테크
KR7023410004,23410,유진기업,유진기업
KR7373340009,373340,유진기업인수목적6호,유진스팩6호
KR7388800005,388800,유진기업인수목적7호,유진스팩7호
KR7056080005,56080,유진로봇,유진로봇
KR7084370006,84370,유진테크,유진테크
KR7001200005,1200,유진투자증권보통주,유진투자증권
KR7178780003,178780,유테크,유테크
KR7221800006,221800,유투바이오,유투바이오
KR7179900006,179900,유티아이,유티아이
KR7263050007,263050,유틸렉스,유틸렉스
KR7000101006,105,유한양행1우선주,유한양행우
KR7000100008,100,유한양행보통주,유한양행
KR7003461001,3465,유화증권1우선주,유화증권우
KR7003460003,3460,유화증권보통주,유화증권
KR7191410000,191410,육일씨엔에쓰,육일씨엔에쓰
KR7008730004,8730,율촌화학보통주,율촌화학
KR7072770001,72770,율호,율호
KR7008250003,8250,이건산업보통주,이건산업
KR7039020003,39020,이건홀딩스,이건홀딩스
KR7025820002,25820,이구산업보통주,이구산업
KR7067920009,67920,이글루시큐리티,이글루시큐리티
KR7044960003,44960,이글벳,이글벳
KR7303530000,303530,이노뎁,이노뎁
KR7302430004,302430,이노메트리,이노메트리
KR7279060008,279060,이노벡스,이노벡스
KR7214320004,214320,이노션보통주,이노션
KR7073490005,73490,이노와이어리스,이노와이어리스
KR7215790007,215790,이노인스트루먼트,이노인스트루먼트
KR7344860002,344860,이노진,이노진
KR7246960009,246960,이노테라피,이노테라피
KR7088390000,88390,이녹스,이녹스
KR7272290008,272290,이녹스첨단소재,이녹스첨단소재
KR7053350005,53350,이니텍,이니텍
KR7258610005,258610,이더블유케이,이더블유케이
KR7041520008,41520,이라이콤,이라이콤
KR7264850009,264850,이랜시스,이랜시스
KR7054210000,54210,이랜텍,이랜텍
KR7164060006,164060,이루다,이루다
KR7065440000,65440,이루온,이루온
KR7088260005,88260,이리츠코크렙기업구조조정부동산투자회사보통주,이리츠코크렙
KR7139480008,139480,이마트보통주,이마트
KR7115610008,115610,이미지스테크놀로지,이미지스
KR7349720003,349720,이베스트기업인수목적5호,이베스트스팩5호
KR7078020005,78020,이베스트투자증권,이베스트투자증권
KR7131400004,131400,이브이첨단소재,이브이첨단소재
KR7208850008,208850,이비테크,이비테크
KR7351330006,351330,이삭엔지니어링,이삭엔지니어링
KR7080010002,80010,이상네트웍스,이상네트웍스
KR7379390008,379390,이성씨엔아이,이성씨엔아이
KR7086890001,86890,이수앱지스,이수앱지스
KR7007660004,7660,이수페타시스보통주,이수페타시스
KR7005950001,5950,이수화학보통주,이수화학
KR7015020001,15020,이스타코보통주,이스타코
KR7047560008,47560,이스트소프트,이스트소프트
HK0000057197,900110,이스트아시아홀딩스인베스트먼트리미티드,이스트아시아홀딩스
KR7270020001,270020,이십일스토어,이십일스토어
KR7067010009,67010,이씨에스텔레콤,이씨에스
KR7093230001,93230,이아이디보통주,이아이디
KR7341310001,341310,이앤에치,이앤에치
KR7101360006,101360,이엔드디,이엔드디
KR7102710001,102710,이엔에프테크놀로지,이엔에프테크놀로지
KR7066980004,66980,이엔코퍼레이션,이엔코퍼레이션
KR7074610007,74610,이엔플러스보통주,이엔플러스
KR7063760003,63760,이엘피,이엘피
KR7123570004,123570,이엠넷,이엠넷
KR7079190005,79190,이엠따블유,EMW
KR7278990007,278990,이엠비,EMB
KR7083470005,83470,이엠앤아이,이엠앤아이
KR7095190005,95190,이엠코리아,이엠코리아
KR7091120006,91120,이엠텍,이엠텍
KR7232530006,232530,이엠티,이엠티
KR7102460003,102460,이연제약보통주,이연제약
KR7039030002,39030,이오테크닉스,이오테크닉스
KR7294090006,294090,이오플로우,이오플로우
KR7245620000,245620,이원다이애그노믹스,EDGC
KR7088290002,88290,이원컴포텍,이원컴포텍
KR7084680008,84680,이월드보통주,이월드
KR7181340001,181340,이즈미디어,이즈미디어
KR7037370004,37370,이지,EG
KR7353810005,353810,이지바이오,이지바이오
KR7350520003,350520,이지스레지던스리츠보통주,이지스레지던스리츠
KR7334890001,334890,이지스밸류플러스리츠보통주,이지스밸류리츠
KR7099750002,99750,이지케어텍,이지케어텍
KR7377330006,377330,이지트로닉스,이지트로닉스
KR7035810001,35810,이지홀딩스,이지홀딩스
KR7160600003,160600,이큐셀,이큐셀
KR7092130004,92130,이크레더블,이크레더블
KR7096040001,96040,이트론,이트론
KR7134060003,134060,이퓨쳐,이퓨쳐
KR7001840008,1840,이화공영,이화공영
KR7000760009,760,이화산업보통주,이화산업
KR7024810004,24810,이화전기공업,이화전기
KR7014990006,14990,인디에프보통주,인디에프
KR7041830001,41830,인바디,인바디
KR7352940001,352940,인바이오,인바이오
KR7101140002,101140,인바이오젠보통주,인바이오젠
KR7216400002,216400,인바이츠바이오코아,인바이츠바이오코아
KR7079950002,79950,인베니아,인베니아
KR7277410007,277410,인산가,인산가
KR7060150000,60150,인선이엔티,인선이엔티
KR7033230004,33230,인성정보,인성정보
KR7006490007,6490,인스코비보통주,인스코비
KR7037330008,37330,인지디스플레이,인지디스플레
KR7023800006,23800,인지컨트롤스보통주,인지컨트롤스
KR7034590000,34590,인천도시가스 보통주,인천도시가스
KR7211050000,211050,인카금융서비스,인카금융서비스
KR7083640003,83640,인콘,인콘
KR7216050005,216050,인크로스,인크로스
KR7049070006,49070,인탑스,인탑스
KR7119610004,119610,인터로조,인터로조
KR7017250002,17250,인터엠,인터엠
KR7129260006,129260,인터지스보통주,인터지스
KR7240340000,240340,인터코스,인터코스
KR7035080001,35080,인터파크,인터파크
KR7051370005,51370,인터플렉스,인터플렉스
KR7064290000,64290,인텍플러스,인텍플러스
KR7189300007,189300,인텔리안테크놀로지스,인텔리안테크
KR7150840007,150840,인트로메딕,인트로메딕
KR7048530000,48530,인트론바이오테크놀로지,인트론바이오
KR7023810005,23810,인팩보통주,인팩
KR7175140003,175140,인포마크,인포마크
KR7115310005,115310,인포바인,인포바인
KR7039290002,39290,인포뱅크,인포뱅크
KR7071200000,71200,인피니트헬스케어,인피니트헬스케어
KR7016670002,16670,인피니티엔티,인피니티엔티
KR7101930006,101930,인화정공,인화정공
KR7249420001,249420,일동제약보통주,일동제약
KR7000230003,230,일동홀딩스보통주,일동홀딩스
KR7013360003,13360,일성건설보통주,일성건설
KR7003120003,3120,일성신약보통주,일성신약
KR7333430007,333430,일승,일승
KR7068330000,68330,일신바이오베이스,일신바이오
KR7003200003,3200,일신방직보통주,일신방직
KR7007110000,7110,일신석재보통주,일신석재
KR7058450008,58450,일야,일야
KR7007571003,7575,일양약품1우선주,일양약품우
KR7007570005,7570,일양약품보통주,일양약품
KR7008500001,8500,일정실업보통주,일정실업
KR7019540004,19540,일지테크,일지테크
KR7081000002,81000,일진다이아몬드 보통주,일진다이아
KR7020760005,20760,일진디스플레이보통주,일진디스플
KR7020150009,20150,일진머티리얼즈보통주,일진머티리얼즈
KR7103590006,103590,일진전기 보통주,일진전기
KR7094820008,94820,일진파워,일진파워
KR7271940009,271940,일진하이솔루스보통주,일진하이솔루스
KR7015860000,15860,일진홀딩스보통주,일진홀딩스
KR7226320000,226320,잇츠한불보통주,잇츠한불
KR8840110108,950140,잉글우드랩,잉글우드랩
KR7049550007,49550,잉크테크,잉크테크
KR7254120009,254120,자비스,자비스
KR7043910009,43910,자연과 환경,자연과환경
KR7234920007,234920,자이글,자이글
KR7289220006,289220,자이언트스텝,자이언트스텝
KR7317400000,317400,자이에스앤디보통주,자이에스앤디
KR7033240003,33240,자화전자보통주,자화전자
KR7174880005,174880,장원테크,장원테크
KR7049630007,49630,재영솔루텍,재영솔루텍
KR7000950006,950,전방보통주,전방
KR7110020005,110020,전진바이오팜,전진바이오팜
KR7208140004,208140,정다운,정다운
KR7022220008,22220,정산애강,정산애강
KR7040420002,40420,정상제이엘에스,정상제이엘에스
KR7045510005,45510,정원엔시스,정원엔시스
KR7217190008,217190,제너셈,제너셈
KR7095700001,95700,제넥신,제넥신
KR7072520000,72520,제넨바이오,제넨바이오
KR7122310006,122310,제노레이,제노레이
KR7361390008,361390,제노코,제노코
KR7066830001,66830,제노텍,제노텍
KR7225220003,225220,제놀루션,제놀루션
KR7123330003,123330,제닉,제닉
KR7159580000,159580,제로투세븐,제로투세븐
KR7147830004,147830,제룡산업,제룡산업
KR7033100009,33100,제룡전기,제룡전기
KR7079370003,79370,제우스,제우스
KR7067290007,67290,제이더블유신약,JW신약
KR7054950001,54950,제이브이엠,제이브이엠
KR7090470006,90470,제이스텍,제이스텍
KR7287410005,287410,제이시스메디칼,제이시스메디칼
KR7137950002,137950,제이씨케미칼,제이씨케미칼
KR7033320003,33320,제이씨현시스템,제이씨현시스템
KR7348950007,348950,제이알글로벌리츠보통주,제이알글로벌리츠
KR7204270003,204270,제이앤티씨,제이앤티씨
KR7194370003,194370,제이에스코퍼레이션보통주,제이에스코퍼레이션
KR7026040006,26040,제이에스티나,제이에스티나
KR7126880004,126880,제이엔케이히터,제이엔케이히터
KR7322510009,322510,제이엘케이,제이엘케이
KR7254160005,254160,제이엠멀티,제이엠멀티
KR7033050006,33050,제이엠아이,제이엠아이
KR7094970001,94970,제이엠티,제이엠티
KR7035900000,35900,제이와이피엔터테인먼트,JYP Ent.
KR7058420001,58420,제이웨이,제이웨이
KR7025620006,25620,제이준코스메틱보통주,제이준코스메틱
KR7036420008,36420,제이콘텐트리보통주,제이콘텐트리
KR7089790000,89790,제이티,제이티
KR8392080006,950170,제이티씨,JTC
KR7030000004,30000,제일기획보통주,제일기획
KR7052670007,52670,제일바이오,제일바이오
KR7271980005,271980,제일약품보통주,제일약품
KR7001560002,1560,제일연마공업보통주,제일연마
KR7199820002,199820,제일전기공업,제일전기공업
KR7023440001,23440,제일제강공업,제일제강
KR7038010005,38010,제일테크노스,제일테크노스
KR7002620003,2620,제일파마홀딩스보통주,제일파마홀딩스
KR7276730009,276730,제주맥주,제주맥주
KR7080220007,80220,제주반도체,제주반도체
KR7006220008,6220,제주은행보통주,제주은행
KR7089590004,89590,제주항공보통주,제주항공
KR7216080002,216080,제테마,제테마
KR7229000005,229000,젠큐릭스,젠큐릭스
KR7248020000,248020,젬,젬
KR7082270000,82270,젬백스&카엘,젬백스
KR7064800006,64800,젬백스링크,젬백스링크
KR7041590001,41590,젬백스지오,젬백스지오
KR7044060002,44060,조광아이엘아이,조광ILI
KR7004910006,4910,조광페인트보통주,조광페인트
KR7004700001,4700,조광피혁보통주,조광피혁
KR7001550003,1550,조비보통주,조비
KR7000480004,480,조선내화보통주,조선내화
KR7120030002,120030,조선선재 보통주,조선선재
KR7034940007,34940,조아제약,조아제약
KR7067000000,67000,조이시티,조이시티
KR7018470005,18470,조일알미늄보통주,조일알미늄
KR7002600005,2600,조흥보통주,조흥
KR7063160006,63160,종근당바이오보통주,종근당바이오
KR7185750007,185750,종근당보통주,종근당
KR7001630003,1630,종근당홀딩스보통주,종근당홀딩스
KR7033340001,33340,좋은사람들,좋은사람들
KR7036930006,36930,주성엔지니어링,주성엔지니어링
KR7185190006,185190,주식회사 수프로,수프로
KR7357580000,357580,주식회사 아모센스,아모센스
KR7086460003,86460,주식회사 에스엔피제네틱스,에스엔피제네틱스
KR7226400000,226400,주식회사 오스테오닉,오스테오닉
KR7070960000,70960,주식회사 용평리조트,용평리조트
KR7084440007,84440,주식회사 유비온,유비온
KR7187420005,187420,주식회사 제노포커스,제노포커스
KR7189350002,189350,주식회사 코셋,코셋
KR7023450000,23450,주식회사동남합성,동남합성
KR7002380004,2380,주식회사케이씨씨,KCC
KR7044380004,44380,주연테크 보통주,주연테크
KR7239340003,239340,줌인터넷,줌인터넷
KR7024110009,24110,중소기업은행보통주,기업은행
KR7051980001,51980,중앙디앤엠,중앙디앤엠
KR7072020001,72020,중앙백신연구소,중앙백신
KR7000440008,440,중앙에너비스,중앙에너비스
KR7078650009,78650,지나인제약,지나인제약
KR7228760005,228760,지노믹트리,지노믹트리
KR7314130006,314130,지놈앤컴퍼니,지놈앤컴퍼니
KR7013890009,13890,지누스보통주,지누스
KR7389030008,389030,지니너스,지니너스
KR7043610005,43610,지니뮤직,지니뮤직
KR7263860009,263860,지니언스,지니언스
KR7303030001,303030,지니틱스,지니틱스
KR7036180008,36180,지더블유바이텍,지더블유바이텍
KR7208350009,208350,지란지교시큐리티,지란지교시큐리티
KR7144510005,144510,지씨셀,지씨셀
KR7382480002,382480,지아이텍,지아이텍
KR7382800001,382800,지앤비에스엔지니어링,지앤비에스엔지니어링
KR7299480004,299480,지앤이헬스케어,지앤이헬스케어
KR7051160000,51160,지어소프트,지어소프트
KR7001250000,1250,지에스글로벌보통주,GS글로벌
KR7007070006,7070,지에스리테일보통주,GS리테일
KR7053050001,53050,지에스이,지에스이
KR7130500002,130500,지에이치신소재,GH신소재
KR7119850006,119850,지엔씨에너지,지엔씨에너지
KR7270520000,270520,지엔원에너지,지엔원에너지
KR7065060006,65060,지엔코,지엔코
KR7204840003,204840,지엘팜텍,지엘팜텍
KR7013870001,13870,지엠비코리아보통주,지엠비코리아
KR7071320006,71320,지역난방공사보통주,지역난방공사
KR7135160000,135160,지오씨,지오씨
KR7311320006,311320,지오엘리먼트,지오엘리먼트
KR7010580009,10580,지코보통주,지코
KR7035000009,35000,지투알보통주,지투알
KR7219750007,219750,지티지웰니스,지티지웰니스
KR7088790001,88790,진도 보통주,진도
KR7018120006,18120,진로발효,진로발효
KR7109820001,109820,진매트릭스,진매트릭스
KR7086060001,86060,진바이오텍,진바이오텍
KR7036890002,36890,진성티이씨,진성티이씨
KR7363250002,363250,진시스템,진시스템
KR7003780004,3780,진양산업보통주,진양산업
KR7007370000,7370,진양제약,진양제약
KR7010640001,10640,진양폴리우레탄보통주,진양폴리
KR7100250000,100250,진양홀딩스보통주,진양홀딩스
KR7051630002,51630,진양화학보통주,진양화학
KR7272450008,272450,진에어보통주,진에어
KR7011000007,11000,진원생명과학보통주,진원생명과학
KR7250030004,250030,진코스텍,진코스텍
KR7002781003,2785,진흥기업1우선주(신형),진흥기업우B
KR7002782001,2787,진흥기업2우선주(신형),진흥기업2우B
KR7002780005,2780,진흥기업보통주,진흥기업
KR7233990001,233990,질경이,질경이
KR7085660009,85660,차바이오텍,차바이오텍
KR7261780001,261780,차백신연구소,차백신연구소
KYG2115T1076,900250,차이나크리스탈신소재홀딩스,크리스탈신소재
KR7009310004,9310,참엔지니어링보통주,참엔지니어링
KR7158310003,158310,참존글로벌,참존글로벌
KR7094850005,94850,참좋은여행,참좋은여행
KR7004650008,4650,창해에탄올,창해에탄올
KR7278280003,278280,천보,천보
KR7000650002,650,천일고속보통주,천일고속
KR7140290008,140290,청광건설 주식회사,청광건설
KR7096240007,96240,청담러닝,청담러닝
KR7066360009,66360,체리부로,체리부로
KR7033250002,33250,체시스보통주,체시스
KR7047820006,47820,초록뱀미디어,초록뱀미디어
KR7052300001,52300,초록뱀컴퍼니,초록뱀컴퍼니
KR7094360005,94360,칩스앤미디어,칩스앤미디어
KR7016920001,16920,카스,카스
KR7284620002,284620,카이노스메드,카이노스메드
KR7293490009,293490,카카오게임즈,카카오게임즈
KR7323410001,323410,카카오뱅크보통주,카카오뱅크
KR7035720002,35720,카카오보통주,카카오
KR7377300009,377300,카카오페이보통주,카카오페이
KR7042000000,42000,카페24,카페24
KR7006380000,6380,카프로보통주,카프로
KR7317530004,317530,캐리소프트,캐리소프트
KR7071850002,71850,캐스텍코리아,캐스텍코리아
KR7050110006,50110,캠시스,캠시스
KR7223310004,223310,커머스마이너,커머스마이너
KR7109070003,109070,컨버즈보통주,컨버즈
HK0000341732,900310,컬러레이홀딩스,컬러레이
KR7078340007,78340,컴투스,컴투스
KR7063080006,63080,컴투스홀딩스,컴투스홀딩스
KR7307930008,307930,컴퍼니케이파트너스,컴퍼니케이
KR7263700007,263700,케어랩스,케어랩스
KR7327970000,327970,케어룸의료산업,케어룸의료산업
KR7214370009,214370,케어젠,케어젠
KR7221980006,221980,케이디켐,케이디켐
KYG1990V1041,900280,케이만금세기차륜집단유한공사,골든센츄리
KR7001620004,1620,케이비아이동국실업보통주,케이비아이동국실업
KR7024840001,24840,케이비아이메탈,KBI메탈
KR7330990003,330990,케이비제19호기업인수목적,케이비제19호스팩
KR7342550001,342550,케이비제20호기업인수목적,케이비제20호스팩
KR7192250009,192250,케이사인,케이사인
KR7009440009,9440,케이씨그린홀딩스보통주,KC그린홀딩스
KR7029460003,29460,케이씨보통주,케이씨
KR7112190004,112190,케이씨산업,KC산업
KR7021320007,21320,케이씨씨건설,KCC건설
KR7344820006,344820,케이씨씨글라스보통주,KCC글라스
KR7036670008,36670,케이씨아이,KCI
KR7115500001,115500,케이씨에스,케이씨에스
KR7119650000,119650,케이씨코트렐보통주,KC코트렐
KR7281820001,281820,케이씨텍보통주,케이씨텍
KR7089150007,89150,케이씨티,케이씨티
KR7025880006,25880,케이씨피드,케이씨피드
KR7093320000,93320,케이아이엔엑스,케이아이엔엑스
KR7044450005,44450,케이에스에스 해운 보통주,KSS해운
KR7073010001,73010,케이에스피,케이에스피
KR7060720000,60720,케이에이치바텍,KH바텍
KR7226360006,226360,케이에이치이엔티,KH E&T
KR7111870002,111870,케이에이치일렉트론,KH 일렉트론
KR7105330005,105330,케이엔더블유,케이엔더블유
KR7058400003,58400,케이엔엔,KNN
KR7272110008,272110,케이엔제이,케이엔제이
KR7039420005,39420,케이엘넷,케이엘넷
KR7083550004,83550,케이엠,케이엠
KR7032500001,32500,케이엠더블유,케이엠더블유
KR7122450000,122450,케이엠에이치,KMH
KR7052900008,52900,케이엠에이치하이텍,KMH하이텍
KR7225430008,225430,케이엠제약,케이엠제약
KR7102370004,102370,케이옥션,케이옥션
KR7092220003,92220,케이이씨 보통주,KEC
KR7046440004,46440,케이지모빌리언스,KG모빌리언스
KR7035600006,35600,케이지이니시스,KG이니시스
KR7151860004,151860,케이지이티에스,KG ETS
KR7381970003,381970,케이카보통주,케이카
KR7145270005,145270,케이탑리츠보통주,케이탑리츠
KR7030200000,30200,케이티보통주,KT
KR7298870007,298870,케이티비네트워크,케이티비네트워크
KR7030210009,30210,케이티비투자증권보통주,KTB투자증권
KR7060370004,60370,케이티서브마린,KT서브마린
KR7053210001,53210,케이티스카이라이프,스카이라이프
KR7058850009,58850,케이티씨에스보통주,KTcs
KR7058860008,58860,케이티아이에스보통주,KTis
KR7036030005,36030,케이티알파,케이티알파
KR7033780008,33780,케이티앤지보통주,KT&G
KR7064820004,64820,케이프,케이프
KR7347140006,347140,케이프이에스제4호기업인수목적,케이프이에스제4호
KR7256940008,256940,케이피에스,케이피에스
KR7024880007,24880,케이피에프,케이피에프
KR7114450000,114450,케이피엑스라이프사이언스,KPX생명과학
KR7042040006,42040,케이피엠테크,케이피엠테크
KR7054410006,54410,케이피티유,케이피티유
KR7274090000,274090,켄코아에어로스페이스,켄코아에어로스페이스
KR7402420004,402420,켈스,켈스
KR7217600006,217600,켐온,켐온
KR7089010003,89010,켐트로닉스,켐트로닉스
KR7220260004,220260,켐트로스,켐트로스
KR7052400009,52400,코나아이,코나아이
KR7046070009,46070,코다코,코다코
KR7047770003,47770,코데즈컴바인,코데즈컴바인
KR7078940004,78940,코드네이처,코드네이처
KR7080530009,80530,코디,코디
KR7224060004,224060,코디엠,코디엠
KR7357120005,357120,코람코에너지플러스리츠보통주,코람코에너지리츠
KR7104540000,104540,코렌텍,코렌텍
KR7027050004,27050,코리아나화장품,코리아나
KR7290510007,290510,코리아센터,코리아센터
KR7007811003,7815,코리아써키트1우선주,코리아써우
KR700781K015,00781K,코리아써키트2우선주(신형),코리아써키트2우B
KR7007810005,7810,코리아써키트보통주,코리아써키트
KR7190650002,190650,코리아에셋투자증권,코리아에셋투자증권
KR7101670008,101670,코리아에스이,코리아에스이
KR7123410003,123410,코리아에프티,코리아에프티
KR7003690005,3690,코리안리재보험보통주,코리안리
KR7036690006,36690,코맥스,코맥스
KR7049430002,49430,코메론,코메론
KR7183300003,183300,코미코,코미코
KR7041960006,41960,코미팜,코미팜
KR7089890008,89890,코세스,코세스
KR7009730003,9730,코센,코센
KR7082660002,82660,코스나인,코스나인
KR7192820009,192820,코스맥스보통주,코스맥스
KR7044820009,44820,코스맥스비티아이 주식회사 보통주,코스맥스비티아이
KR7222040008,222040,코스맥스엔비티,코스맥스엔비티
KR7241710003,241710,코스메카코리아,코스메카코리아
KR7005070008,5070,코스모신소재보통주,코스모신소재
KR7005420005,5420,코스모화학보통주,코스모화학
KR7069110005,69110,코스온,코스온
KR7169670007,169670,코스텍시스템,코스텍시스템
KR7071950000,71950,코아스보통주,코아스
KR7166480004,166480,코아스템,코아스템
KR7045970001,45970,코아시아,코아시아
KR7196450001,196450,코아시아옵틱스,코아시아옵틱스
KR7029960002,29960,코엔텍,코엔텍
KR7002021004,2025,코오롱1우선주,코오롱우
KR7003071008,3075,코오롱글로벌1우선주,코오롱글로벌우
KR7003070000,3070,코오롱글로벌보통주,코오롱글로벌
KR7002020006,2020,코오롱보통주,코오롱
KR7102940004,102940,코오롱생명과학,코오롱생명과학
KR7120111000,120115,코오롱인더스트리1우선주,코오롱인더우
KR7120110002,120110,코오롱인더스트리보통주,코오롱인더
KR8840120008,950160,코오롱티슈진,코오롱티슈진
KR7138490008,138490,코오롱플라스틱보통주,코오롱플라스틱
KR7021240007,21240,코웨이보통주,코웨이
KR7033290008,33290,코웰패션,코웰패션
KR7056360001,56360,코위버,코위버
KR7282880004,282880,코윈테크,코윈테크
KR7121850002,121850,코이즈,코이즈
KR7015710007,15710,코콤,코콤
KR7052330008,52330,코텍,코텍
KR7322780008,322780,코퍼스코리아,코퍼스코리아
KR7126600006,126600,코프라,코프라
KR7200130003,200130,콜마비앤에이치,콜마비앤에이치
KR7031820004,31820,콤텍시스템보통주,콤텍시스템
KR7294570007,294570,쿠콘,쿠콘
KR7192400000,192400,쿠쿠홀딩스보통주,쿠쿠홀딩스
KR7284740008,284740,쿠쿠홈시스보통주,쿠쿠홈시스
KR7317690006,317690,퀀타매트릭스,퀀타매트릭스
KR7365270008,365270,큐라클,큐라클
KR7060280005,60280,큐렉소,큐렉소
KR7015590003,15590,큐로보통주,큐로
KR7040350001,40350,큐로컴,큐로컴
KR7051780005,51780,큐로홀딩스,큐로홀딩스
KR7115180002,115180,큐리언트,큐리언트
KR7182360008,182360,큐브엔터테인먼트,큐브엔터
KR7066310004,66310,큐에스아이,큐에스아이
KR7136660008,136660,큐엠씨,큐엠씨
KR7016600009,16600,큐캐피탈파트너스,큐캐피탈
KR726490K013,26490K,크라운제과1우선주,크라운제과우
KR7264900002,264900,크라운제과보통주,크라운제과
KR7005741004,5745,크라운해태홀딩스1우선주,크라운해태홀딩스우
KR7005740006,5740,크라운해태홀딩스보통주,크라운해태홀딩스
KR7259960003,259960,크래프톤보통주,크래프톤
KR7215570003,215570,크로넥스,크로넥스
KR7043590009,43590,크로바하이텍,크로바하이텍
KR7114120009,114120,크루셜텍,크루셜텍
KR7110790003,110790,크리스에프앤씨,크리스에프앤씨
KR7083790006,83790,크리스탈지노믹스,크리스탈지노믹스
KR7045520004,45520,크린앤사이언스,크린앤사이언스
KR7036170009,36170,클라우드에어,클라우드에어
KR7214150005,214150,클래시스,클래시스
KR7352770002,352770,클리노믹스,클리노믹스
KR7237880000,237880,클리오,클리오
KR7139670004,139670,키네마스터,키네마스터
KR7020120002,20120,키다리스튜디오보통주,키다리스튜디오
KR7039490008,39490,키움증권보통주,키움증권
KR7054780002,54780,키이스트,키이스트
KR7336040001,336040,타스컴,타스컴
KR7219130002,219130,타이거일렉,타이거일렉
KR7318660008,318660,타임기술,타임기술
KR7180060006,180060,탑선,탑선
KR7065130007,65130,탑엔지니어링,탑엔지니어링
KR7134580000,134580,탑코미디어,탑코미디어
KR7014580005,14580,태경비케이보통주,태경비케이
KR7015890007,15890,태경산업보통주,태경산업
KR7006890008,6890,태경케미컬보통주,태경케미컬
KR7023160005,23160,태광,태광
KR7003240009,3240,태광산업보통주,태광산업
KR7011280005,11280,태림포장보통주,태림포장
KR7053620001,53620,태양,태양
KR7004101002,4105,태양금속공업1우선주,태양금속우
KR7004100004,4100,태양금속공업보통주,태양금속
KR7116100009,116100,태양기계 주식회사,태양기계
KR7009410002,9410,태영건설보통주,태영건설
KR7009411000,9415,태영건설우선주,태영건설우
KR7044490001,44490,태웅,태웅
KR7124560004,124560,태웅로직스,태웅로직스
KR7001420009,1420,태원물산보통주,태원물산
KR7007980006,7980,태평양물산보통주,태평양물산
KR7191420009,191420,테고사이언스,테고사이언스
KR7073640005,73640,테라사이언스,테라사이언스
KR7182690008,182690,테라셈,테라셈
KR7066700006,66700,테라젠이텍스,테라젠이텍스
KR7095610002,95610,테스,테스
KR7131970006,131970,테스나,테스나
KR7055490007,55490,테이팩스보통주,테이팩스
KR7308700004,308700,테크엔,테크엔
KR7089030001,89030,테크윙,테크윙
KR7258050004,258050,테크트랜스,테크트랜스
KR7054450002,54450,텔레칩스,텔레칩스
KR7091440008,91440,텔레필드,텔레필드
KR7078000007,78000,텔코웨어 보통주,텔코웨어
KR7200230001,200230,텔콘알에프제약,텔콘RF제약
KR7214420002,214420,토니모리보통주,토니모리
KR7393210000,393210,토마토시스템,토마토시스템
KR7215480005,215480,토박스코리아,토박스코리아
KR7051360006,51360,토비스,토비스
KR7045340007,45340,토탈소프트뱅크,토탈소프트
KR7108230004,108230,톱텍,톱텍
KR7079970000,79970,투비소프트,투비소프트
KR7199800004,199800,툴젠,툴젠
KR7105550008,105550,트루윈,트루윈
KR7290090000,290090,트윔,트윔
KR7026150003,26150,특수건설,특수건설
KR7322180001,322180,티라유텍,티라유텍
KR7117730002,117730,티로보틱스,티로보틱스
KR7033830001,33830,티비씨,티비씨
KR7057680001,57680,티사이언티픽,티사이언티픽
KR7064760002,64760,티씨케이,티씨케이
KR7246710008,246710,티앤알바이오팹,티앤알바이오팹
KR7340570001,340570,티앤엘,티앤엘
KR7277880001,277880,티에스아이,티에스아이
KR7131290009,131290,티에스이,티에스이
KR7246690002,246690,티에스인베스트먼트,TS인베스트먼트
KR7317240000,317240,티에스트릴리온,TS트릴리온
KR7019180009,19180,티에이치엔보통주,티에이치엔
KR7356860007,356860,티엘비,티엘비
KR7062860002,62860,티엘아이,티엘아이
KR7002900009,2900,티와이엠보통주,TYM
KR736328K013,36328K,티와이홀딩스1우선주,티와이홀딩스우
KR7363280009,363280,티와이홀딩스보통주,티와이홀딩스
KR7321550006,321550,티움바이오,티움바이오
KR7091810002,91810,티웨이항공보통주,티웨이항공
KR7004870002,4870,티웨이홀딩스보통주,티웨이홀딩스
KR7032540007,32540,티제이미디어,TJ미디어
KR7104480009,104480,티케이케미칼,티케이케미칼
KR7309900009,309900,티티씨디펜스,티티씨디펜스
KR7081150005,81150,티플랙스,티플랙스
KR7130740004,130740,티피씨,티피씨글로벌
KR7048770002,48770,티피씨메카트로닉스,TPC
KR7217880004,217880,틸론,틸론
KR7084730001,84730,팅크웨어,팅크웨어
KR7046210001,46210,파나진,파나진
KR7058530007,58530,파나케이아,파나케이아
KR7034230003,34230,파라다이스,파라다이스
KR7033540006,33540,파라텍,파라텍
KR7043200005,43200,파루,파루
KR7214450009,214450,파마리서치,파마리서치
KR7217950005,217950,파마리서치바이오,파마리서치바이오
KR7208340000,208340,파멥신,파멥신
KR7005690003,5690,파미셀보통주,파미셀
KR7177830007,177830,파버나인,파버나인
KR7037070000,37070,파세코,파세코
KR7150900009,150900,파수,파수
KR7037030004,37030,파워넷,파워넷
KR7047310008,47310,파워로직스,파워로직스
KR7266870005,266870,파워풀엑스,파워풀엑스
KR7170790000,170790,파이오링크,파이오링크
KR7049120009,49120,파인디앤씨,파인디앤씨
KR7038950002,38950,파인디지털,파인디지털
KR7106240005,106240,파인테크닉스,파인테크닉스
KR7131760001,131760,파인텍,파인텍
KR7065690000,65690,파커스,파커스
KR7140860008,140860,파크시스템스,파크시스템스
KR7091700005,91700,파트론,파트론
KR7202960001,202960,판도라티비,판도라티비
KR7032800005,32800,판타지오,판타지오
KR7318010006,318010,팜스빌,팜스빌
KR7036580009,36580,팜스코보통주,팜스코
KR7027710003,27710,팜스토리,팜스토리
KR7004720009,4720,팜젠사이언스보통주,팜젠사이언스
KR7225590009,225590,패션플랫폼,패션플랫폼
KR7054300009,54300,팬스타엔터프라이즈,팬스타엔터프라이즈
KR7068050004,68050,팬엔터테인먼트,팬엔터테인먼트
KR7028670008,28670,팬오션보통주,팬오션
KR7222110009,222110,팬젠,팬젠
KR7010820009,10820,퍼스텍보통주,퍼스텍
KR7016800005,16800,퍼시스보통주,퍼시스
KR7263750002,263750,펄어비스,펄어비스
KR7251970000,251970,펌텍코리아,펌텍코리아
KR7001020007,1020,페이퍼코리아보통주,페이퍼코리아
KR7327610002,327610,펨토바이오메드,펨토바이오메드
KR7087010005,87010,펩트론,펩트론
KR7090080003,90080,평화산업 주식회사 보통주,평화산업
KR7010770006,10770,평화홀딩스보통주,평화홀딩스
KR7119500007,119500,포메탈,포메탈
KR7058430000,58430,포스코강판보통주,포스코강판
KR7005490008,5490,포스코보통주,POSCO
KR7022100002,22100,포스코아이씨티,포스코 ICT
KR7047050000,47050,포스코인터내셔널보통주,포스코인터내셔널
KR7003670007,3670,포스코케미칼보통주,포스코케미칼
KR7189690001,189690,포시에스,포시에스
KR7318020005,318020,포인트모바일,포인트모바일
KR7256630005,256630,포인트엔지니어링,포인트엔지니어링
KR7331380006,331380,포커스에이치엔에스,포커스에이치엔에스
KR7141020008,141020,포티스,포티스
KR7041020009,41020,폴라리스오피스,폴라리스오피스
KR7114630007,114630,폴라리스우노,폴라리스우노
KR7123010001,123010,폴라리스웍스,폴라리스웍스
KR7290720002,290720,푸드나무,푸드나무
KR7005670005,5670,푸드웰,푸드웰
KR7094940004,94940,푸른기술,푸른기술
KR7007330004,7330,푸른상호저축은행,푸른저축은행
KR7017810003,17810,풀무원보통주,풀무원
KR7093380004,93380,풍강,풍강
KR7023900004,23900,풍국주정공업,풍국주정
KR7103140000,103140,풍산 보통주,풍산
KR7005810007,5810,풍산홀딩스보통주,풍산홀딩스
KR7371950007,371950,풍원정밀,풍원정밀
KR7370090003,370090,퓨런티어,퓨런티어
KR7220100002,220100,퓨쳐켐,퓨쳐켐
KR7035200005,35200,프럼파스트,프럼파스트
KR7334970001,334970,프레스티지바이오로직스,프레스티지바이오로직스
KR8702070002,950210,프레스티지바이오파마KDR,프레스티지바이오파마
KR7203690003,203690,프로스테믹스,프로스테믹스
KR7321260002,321260,프로이천,프로이천
KR7303360002,303360,프로테옴텍,프로테옴텍
KR7053610002,53610,프로텍,프로텍
KR7377220009,377220,프롬바이오,프롬바이오
KR7335810008,335810,프리시젼바이오,프리시젼바이오
KR7053160008,53160,프리엠스,프리엠스
KR7367000007,367000,플래티어,플래티어
KR7075130005,75130,플랜티넷,플랜티넷
KR7222670002,222670,플럼라인생명과학,플럼라인생명과학
KR7009810003,9810,플레이그램보통주,플레이그램
KR7237820006,237820,플레이디,플레이디
KR7023770001,23770,플레이위드,플레이위드
KR7300080009,300080,플리토,플리토
KR7150440006,150440,피노텍,피노텍
KR7032580003,32580,피델릭스,피델릭스
KR7051380004,51380,피씨디렉트,피씨디렉트
KR7241820000,241820,피씨엘,피씨엘
KR7178920005,178920,피아이첨단소재보통주,PI첨단소재
KR7237750005,237750,피앤씨테크,피앤씨테크
KR7024850000,24850,피에스엠씨,피에스엠씨
KR7319660007,319660,피에스케이,피에스케이
KR7031980006,31980,피에스케이홀딩스,피에스케이홀딩스
KR7002230001,2230,피에스텍,피에스텍
KR7057880007,57880,피에이치씨,피에이치씨
KR7043370006,43370,피에이치에이,피에이치에이
KR7242350007,242350,피엔아이컴퍼니,피엔아이컴퍼니
KR7239890007,239890,피엔에이치테크,피엔에이치테크
KR7347740003,347740,피엔케이피부임상연구센타,피엔케이피부임상연구센타
KR7137400008,137400,피엔티,피엔티
KR7024940009,24940,피엔풍년,PN풍년
KR7128660008,128660,피제이메탈,피제이메탈
KR7006140008,6140,피제이전자,피제이전자
KR7376180006,376180,피코그램,피코그램
KR7304840002,304840,피플바이오,피플바이오
KR7062970009,62970,피피아이,피피아이
KR7087600003,87600,픽셀플러스,픽셀플러스
KR7161580006,161580,필옵틱스,필옵틱스
KR7347770000,347770,핌스,핌스
KR7163730005,163730,핑거,핑거
KR7332710003,332710,하나금융14호기업인수목적,하나금융14호스팩
KR7341160000,341160,하나금융15호기업인수목적,하나금융15호스팩
KR7343510004,343510,하나금융16호기업인수목적,하나금융16호스팩
KR7363260001,363260,하나금융17호기업인수목적,하나금융17호스팩
KR7388220006,388220,하나금융19호기업인수목적,하나금융19호스팩
KR7400560009,400560,하나금융20호기업인수목적,하나금융20호스팩
KR7406760009,406760,하나금융21호기업인수목적,하나금융21호스팩
KR7086790003,86790,하나금융지주보통주,하나금융지주
KR7299030007,299030,하나기술,하나기술
KR7067310003,67310,하나마이크론,하나마이크론
KR7372290007,372290,하나머스트7호기업인수목적,하나머스트7호스팩
KR7166090001,166090,하나머티리얼즈,하나머티리얼즈
KR7293480000,293480,하나제약보통주,하나제약
KR7039130000,39130,하나투어보통주,하나투어
KR7136480001,136480,하림,하림
KR7003380003,3380,하림지주,하림지주
KR7153360003,153360,하이골드오션3호선박투자회사,하이골드3호
KR7149980005,149980,하이로닉,하이로닉
KR7013030002,13030,하이록코리아,하이록코리아
KR7352820005,352820,하이브보통주,하이브
KR7126700004,126700,하이비젼시스템,하이비젼시스템
KR7106080005,106080,하이소닉,하이소닉
KR7071090005,71090,하이스틸 보통주,하이스틸
KR7340120005,340120,하이제5호기업인수목적,하이제5호스팩
KR7377400007,377400,하이제6호기업인수목적,하이제6호스팩
KR7400840005,400840,하이제7호기업인수목적,하이제7호스팩
KR7221840002,221840,하이즈항공,하이즈항공
KR7106190002,106190,하이텍팜,하이텍팜
KR7019490002,19490,하이트론씨스템즈보통주,하이트론
KR7000082008,87,하이트진로2우선주(신형),하이트진로2우B
KR7000080002,80,하이트진로보통주,하이트진로
KR7000141002,145,하이트진로홀딩스1우선주,하이트진로홀딩스우
KR7000140004,140,하이트진로홀딩스보통주,하이트진로홀딩스
KR7373200005,373200,하인크코리아,하인크코리아
KR7066130006,66130,하츠,하츠
KR7004590006,4590,한국가구,한국가구
KR7036460004,36460,한국가스공사보통주,한국가스공사
KR7039340005,39340,한국경제티브이,한국경제TV
KR7005430004,5430,한국공항보통주,한국공항
KR7034950006,34950,한국기업평가,한국기업평가
KR7010040004,10040,한국내화보통주,한국내화
KR7025540006,25540,한국단자공업보통주,한국단자
KR7222980005,222980,한국맥널티,한국맥널티
KR7331660001,331660,한국미라클피플사,한국미라클피플사
KR7318000007,318000,한국바이오젠,한국바이오젠
KR7096300009,96300,한국베트남부동산개발특별자산1호투자회사,베트남개발1
KR7256840000,256840,한국비엔씨,한국비엔씨
KR7004090007,4090,한국석유공업보통주,한국석유
KR7025550005,25550,한국선재,한국선재
KR7002200004,2200,한국수출포장공업보통주,한국수출포장
KR7002960003,2960,한국쉘석유보통주,한국쉘석유
KR7017890005,17890,한국알콜산업,한국알콜
KR7000240002,240,한국앤컴퍼니보통주,한국앤컴퍼니
KR7033270000,33270,한국유나이티드제약 보통주,유나이티드제약
KR7080720006,80720,한국유니온제약,한국유니온제약
KR7123890006,123890,한국자산신탁보통주,한국자산신탁
KR7015760002,15760,한국전력공사보통주,한국전력
KR7052690005,52690,한국전력기술 보통주,한전기술
KR7063570006,63570,한국전자금융,한국전자금융
KR7041460007,41460,한국전자인증,한국전자인증
KR7006200000,6200,한국전자홀딩스보통주,한국전자홀딩스
KR7101680007,101680,한국정밀기계,한국정밀기계
KR7039740006,39740,한국정보공학,한국정보공학
KR7053300000,53300,한국정보인증,한국정보인증
KR7025770009,25770,한국정보통신,한국정보통신
KR7409570009,409570,한국제10호기업인수목적 주식회사,한국제10호스팩
KR7368770004,368770,한국제9호기업인수목적,한국9호스팩
KR7009540006,9540,한국조선해양보통주,한국조선해양
KR7023350002,23350,한국종합기술보통주,한국종합기술
KR7025890005,25890,한국주강보통주,한국주강
KR7000970004,970,한국주철관공업보통주,한국주철관
KR7104700000,104700,한국철강보통주,한국철강
KR7017960006,17960,한국카본보통주,한국카본
KR7023760002,23760,한국캐피탈,한국캐피탈
KR7054040001,54040,한국컴퓨터,한국컴퓨터
KR7050540004,50540,한국코퍼레이션,한국코퍼레이션
KR7161890009,161890,한국콜마보통주,한국콜마
KR7024720005,24720,한국콜마홀딩스보통주,한국콜마홀딩스
KR7021650007,21650,한국큐빅,한국큐빅
KR7161390000,161390,한국타이어앤테크놀로지보통주,한국타이어앤테크놀로지
KR7053590006,53590,한국테크놀로지,한국테크놀로지
KR7034830000,34830,한국토지신탁보통주,한국토지신탁
KR7152550000,152550,한국투자ANKOR유전해외자원개발특별자산투자회사1호(지분증권),한국ANKOR유전
KR7168490001,168490,한국투자Parallel유전해외자원개발특별자산투자회사1호,한국패러랠
KR7071051007,71055,한국투자금융지주1우선주,한국금융지주우
KR7071050009,71050,한국투자금융지주보통주,한국금융지주
KR7007280001,7280,한국특강보통주,한국특강
KR7032300006,32300,한국파마,한국파마
KR7037230000,37230,한국팩키지,한국팩키지
KR7010100006,10100,한국프랜지공업보통주,한국프랜지
KR7047810007,47810,한국항공우주산업보통주,한국항공우주
KR7123690000,123690,한국화장품보통주,한국화장품
KR7003350006,3350,한국화장품제조보통주,한국화장품제조
KR7030520001,30520,한글과컴퓨터,한글과컴퓨터
KR7052600004,52600,한네트,한네트
KR7011500006,11500,한농화성보통주,한농화성
KR7002390003,2390,한독보통주,한독
KR7256150004,256150,한독크린텍,한독크린텍
KR7014790000,14790,한라보통주,한라
KR7092460005,92460,한라아이엠에스,한라IMS
KR7060980000,60980,한라홀딩스보통주,한라홀딩스
KR7053690004,53690,한미글로벌건축사사무소보통주,한미글로벌
KR7042700005,42700,한미반도체보통주,한미반도체
KR7008930000,8930,한미사이언스보통주,한미사이언스
KR7128940004,128940,한미약품보통주,한미약품
KR7047080007,47080,한빛소프트,한빛소프트
KR7009240003,9240,한샘보통주,한샘
KR7020000006,20000,한섬보통주,한섬
KR7003680006,3680,한성기업보통주,한성기업
KR7105630008,105630,한세실업보통주,한세실업
KR7069640001,69640,한세엠케이보통주,한세엠케이
KR7016450009,16450,한세예스24홀딩스보통주,한세예스24홀딩스
KR7010420008,10420,한솔PNS보통주,한솔PNS
KR7009180001,9180,한솔로지스틱스보통주,한솔로지스틱스
KR7070590005,70590,한솔인티큐브,한솔인티큐브
KR7213500002,213500,한솔제지보통주,한솔제지
KR7014680003,14680,한솔케미칼보통주,한솔케미칼
KR7004710000,4710,한솔테크닉스보통주,한솔테크닉스
KR7004150009,4150,한솔홀딩스보통주,한솔홀딩스
KR7025750001,25750,한솔홈데코보통주,한솔홈데코
KR7226440006,226440,한송네오텍,한송네오텍
KR7042520007,42520,한스바이오메드,한스바이오메드
KR7004960001,4960,한신공영보통주,한신공영
KR7011700002,11700,한신기계공업보통주,한신기계
KR7078350006,78350,한양디지텍,한양디지텍
KR7045100005,45100,한양이엔지,한양이엔지
KR7001751007,1755,한양증권1우선주,한양증권우
KR7001750009,1750,한양증권보통주,한양증권
KR7018880005,18880,한온시스템보통주,한온시스템
KR7009420001,9420,한올바이오파마보통주,한올바이오파마
KR7014130009,14130,한익스프레스보통주,한익스프레스
KR7046110003,46110,한일네트웍스,한일네트웍스
KR7024740003,24740,한일단조공업,한일단조
KR7005860002,5860,한일사료,한일사료
KR7300720000,300720,한일시멘트보통주,한일시멘트
KR7123840001,123840,한일진공,한일진공
KR7002220002,2220,한일철강보통주,한일철강
KR7006390009,6390,한일현대시멘트보통주,한일현대시멘트
KR7003300001,3300,한일홀딩스보통주,한일홀딩스
KR7007770001,7770,한일화학공업,한일화학
KR7051600005,51600,한전KPS 보통주,한전KPS
KR7130660004,130660,한전산업개발보통주,한전산업
KR7107640005,107640,한중엔시에스,한중엔시에스
KR7002320000,2320,한진보통주,한진
KR7003480001,3480,한진중공업홀딩스보통주,한진중공업홀딩스
KR718064K016,18064K,한진칼1우선주,한진칼우
KR7180640005,180640,한진칼보통주,한진칼
KR7043090000,43090,한창바이오텍,한창바이오텍
KR7005110002,5110,한창보통주,한창
KR7079170007,79170,한창산업,한창산업
KR7009460007,9460,한창제지보통주,한창제지
KR7086960002,86960,한컴MDS,한컴MDS
KR7372910000,372910,한컴라이프케어보통주,한컴라이프케어
KR7054920004,54920,한컴위드,한컴위드
KR7002680007,2680,한탑,한탑
KR7066110008,66110,한프,한프
KR7000881003,885,한화1우선주,한화우
KR700088K015,00088K,한화3우선주(신형),한화3우B
KR7000880005,880,한화보통주,한화
KR7088350004,88350,한화생명보험보통주,한화생명
KR7000370007,370,한화손해보험보통주,한화손해보험
KR7009831009,9835,한화솔루션1우선주,한화솔루션우
KR7009830001,9830,한화솔루션보통주,한화솔루션
KR7272210006,272210,한화시스템보통주,한화시스템
KR7012450003,12450,한화에어로스페이스보통주,한화에어로스페이스
KR7003531001,3535,한화투자증권1우선주,한화투자증권우
KR7003530003,3530,한화투자증권보통주,한화투자증권
KR7386580005,386580,한화플러스제2호기업인수목적,한화플러스제2호스팩
KR7195870001,195870,해성디에스보통주,해성디에스
KR7034810002,34810,해성산업,해성산업
KR703481K019,03481K,해성산업1우선주,해성산업1우
KR7076610005,76610,해성옵틱스,해성옵틱스
KR7059270009,59270,해성티피씨,해성티피씨
KR7101530004,101530,해태제과식품주식회사,해태제과식품
KR7220180004,220180,핸디소프트,핸디소프트
KR7143210003,143210,핸즈코퍼레이션보통주,핸즈코퍼레이션
HK0000214814,900270,헝셩그룹유한회사,헝셩그룹
KR7084990001,84990,헬릭스미스,헬릭스미스
KR7000721001,725,현대건설1우선주,현대건설우
KR7267270007,267270,현대건설기계보통주,현대건설기계
KR7000720003,720,현대건설보통주,현대건설
KR7170030001,170030,현대공업,현대공업
KR7005440003,5440,현대그린푸드보통주,현대그린푸드
KR7086280005,86280,현대글로비스보통주,현대글로비스
KR7042670000,42670,현대두산인프라코어보통주,현대두산인프라코어
KR7064350002,64350,현대로템보통주,현대로템
KR7079430005,79430,현대리바트보통주,현대리바트
KR7012330007,12330,현대모비스보통주,현대모비스
KR7319400008,319400,현대무벡스,현대무벡스
KR7010620003,10620,현대미포조선보통주,현대미포조선
KR7052260007,52260,현대바이오랜드,현대바이오랜드
KR7048410005,48410,현대바이오사이언스,현대바이오
KR7069960003,69960,현대백화점보통주,현대백화점
KR7004561007,4565,현대비앤지스틸1우선주,현대비앤지스틸우
KR7004560009,4560,현대비앤지스틸보통주,현대비앤지스틸
KR7016790008,16790,현대사료,현대사료
KR7004310009,4310,현대약품보통주,현대약품
KR7322000001,322000,현대에너지솔루션보통주,현대에너지솔루션
KR7041440009,41440,현대에버다임,현대에버다임
KR7039010004,39010,현대에이치티,현대에이치티
KR7017800004,17800,현대엘리베이터보통주,현대엘리베이
KR7307950006,307950,현대오토에버보통주,현대오토에버
KR7011210002,11210,현대위아보통주,현대위아
KR7090850009,90850,현대이지웰,현대이지웰
KR7267260008,267260,현대일렉트릭보통주,현대일렉트릭
KR7005381009,5385,현대자동차1우선주,현대차우
KR7005382007,5387,현대자동차2우선주(신형),현대차2우B
KR7005383005,5389,현대자동차3우선주(신형),현대차3우B
KR7005380001,5380,현대자동차보통주,현대차
KR7004020004,4020,현대제철 보통주,현대제철
KR7329180004,329180,현대중공업보통주,현대중공업
KR7267250009,267250,현대중공업지주보통주,현대중공업지주
KR7001500008,1500,현대차증권보통주,현대차증권
KR7011760006,11760,현대코퍼레이션보통주,현대코퍼레이션
KR7227840006,227840,현대코퍼레이션홀딩스보통주,현대코퍼레이션홀딩스
KR7126560002,126560,현대퓨처넷보통주,현대퓨처넷
KR7001450006,1450,현대해상화재보험보통주,현대해상
KR7057050007,57050,현대홈쇼핑보통주,현대홈쇼핑
KR7092300003,92300,현우산업,현우산업
KR7053660007,53660,현진소재,현진소재
KR7138360003,138360,협진,협진
KR7011080009,11080,형지아이앤씨,형지I&C
KR7093240000,93240,형지엘리트보통주,형지엘리트
KR7003010006,3010,혜인보통주,혜인
KR7111110003,111110,호전실업보통주,호전실업
KR7008771008,8775,호텔신라1우선주,호텔신라우
KR7008770000,8770,호텔신라보통주,호텔신라
KR7060560000,60560,홈센타홀딩스,홈센타홀딩스
KR7064240005,64240,홈캐스트,홈캐스트
KR7039610001,39610,화성밸브,화성밸브
KR7002460004,2460,화성산업보통주,화성산업
KR7378850002,378850,화승알앤에이보통주,화승알앤에이
KR7241590009,241590,화승엔터프라이즈보통주,화승엔터프라이즈
KR7006060008,6060,화승인더스트리보통주,화승인더
KR7013520002,13520,화승코퍼레이션보통주,화승코퍼레이션
KR7010690006,10690,화신보통주,화신
KR7126640002,126640,화신정공,화신정공
KR7133820001,133820,화인베스틸보통주,화인베스틸
KR7061250007,61250,화일약품,화일약품
KR7010660009,10660,화천기계보통주,화천기계
KR7000850008,850,화천기공보통주,화천기공
KR7016580003,16580,환인제약보통주,환인제약
KR7032560005,32560,황금에스티보통주,황금에스티
KR7004800009,4800,효성보통주,효성
KR7094280005,94280,효성아이티엑스 보통주,효성ITX
KR7097870000,97870,효성오앤비,효성오앤비
KR7298040007,298040,효성중공업보통주,효성중공업
KR7298050006,298050,효성첨단소재보통주,효성첨단소재
KR7298020009,298020,효성티앤씨보통주,효성티앤씨
KR7298000001,298000,효성화학보통주,효성화학
KR7093370005,93370,후성 보통주,후성
KR7050090000,50090,휘닉스소재,휘닉스소재
KR7081660003,81660,휠라홀딩스보통주,휠라홀딩스
KR7290270008,290270,휴네시온,휴네시온
KR7005870001,5870,휴니드테크놀러지스보통주,휴니드
KR7353190002,353190,휴럼,휴럼
KR7090710005,90710,휴림로봇,휴림로봇
KR7205470008,205470,휴마시스,휴마시스
KR7115160004,115160,휴맥스,휴맥스
KR7028080000,28080,휴맥스홀딩스,휴맥스홀딩스
KR7032860009,32860,휴먼엔,휴먼엔
KR7200670008,200670,휴메딕스,휴메딕스
KR7212310007,212310,휴벡셀,휴벡셀
KR7079980009,79980,휴비스보통주,휴비스
KR7065510000,65510,휴비츠,휴비츠
KR7215090002,215090,휴센텍,휴센텍
KR7005010004,5010,휴스틸보통주,휴스틸
KR7243070000,243070,휴온스,휴온스
KR7084110006,84110,휴온스글로벌,휴온스글로벌
KR7263920001,263920,휴온스블러썸,휴온스블러썸
KR7145020004,145020,휴젤,휴젤
KR7069260008,69260,휴켐스보통주,휴켐스
KR7024060006,24060,흥구석유,흥구석유
KR7010240000,10240,흥국,흥국
KR7189980006,189980,흥국에프엔비,흥국에프엔비
KR7000541003,545,흥국화재해상보험1우선주,흥국화재우
KR7000542001,547,흥국화재해상보험2우선주(신형),흥국화재2우B
KR7000540005,540,흥국화재해상보험보통주,흥국화재
KR7003280005,3280,흥아해운보통주,흥아해운
KR7037440005,37440,희림종합건축사사무소,희림
KR7238490007,238490,힘스,힘스
